sam_n_segments,sam_log_n_segments,sam_dominant_frac,sam_mean_segment_frac,sam_std_segment_frac,sam_size_entropy,sam_coverage_frac,sam_center_bias,sam_edge_density,sam_gradient_magnitude,sam_rms_contrast,sam_mean_compactness,sam_max_compactness,sam_mean_symmetry,image_name,image_id,image_type
29,3.4011973816621555,0.3069759114583333,0.031641747485632185,0.07240707157191838,1.8090885328959498,0.8129459635416667,0.6187542382991762,0.334951171875,0.16989163,0.24989142607937634,0.5528972506662769,0.8275458267375879,0.3091712358018231,1013.jpg,1013,urban
38,3.6635616461296463,0.28287109375,0.026786081414473684,0.05732182286944544,2.4756653584007045,0.8766471354166666,0.5101940979961914,0.12321940104166666,0.06094092,0.3091056907536126,0.5911381107617204,0.8588259334042554,0.41895194986197387,103.jpg,103,urban
50,3.9318256327243257,0.32783854166666665,0.02056848958333334,0.052640243721674425,2.5427327079271884,0.8386881510416667,0.5224890626335201,0.17442057291666666,0.0933194,0.2260453125287098,0.5104785998194872,0.8607599353618255,0.1789039271363355,1033.jpg,1033,urban
47,3.871201010907891,0.365731367370892,0.02250602462291479,0.057031582559855895,2.6289259300439154,0.8819065434272301,0.5629266750387738,0.1334543720657277,0.055641808,0.23490107693716974,0.48424946866359325,0.865102134213383,0.34370889037867697,1047.jpg,1047,urban
24,3.2188758248682006,0.39687821502057613,0.04039455670224623,0.10060258130426733,1.5709927075425854,0.942555619855967,0.6103521886328656,0.10881639017489712,0.03815493,0.16957660486354645,0.4507244789055269,0.7750026908198914,0.3280623653216618,1055.jpg,1055,urban
28,3.367295829986474,0.42804783950617287,0.03308241820069077,0.08735756722441182,1.6663291926274515,0.8808754501028807,0.4980643464478969,0.08397633744855967,0.03580513,0.2941753036992078,0.4445359527628195,0.816793541670885,0.26504279936641756,1056.jpg,1056,urban
24,3.2188758248682006,0.545929439484127,0.036228401951058205,0.11305568312096144,1.2002286695015176,0.8512214781746031,0.5330667518566372,0.07577659970238096,0.03365738,0.20387145969313716,0.48108956964448407,0.7802078746310243,0.2634379469600891,1057.jpg,1057,urban
50,3.9318256327243257,0.27582682291666666,0.030751497395833334,0.060136997071994346,3.482757745066764,0.8920572916666667,0.4451621439794933,0.1685546875,0.08319914,0.30205284174745795,0.5406649656777098,0.8832630706318453,0.41688600441745177,1060.jpg,1060,urban
19,2.995732273553991,0.28026448787061997,0.041512758901971904,0.07209928148109192,1.6219241273792908,0.6794221698113208,0.48611058309798627,0.12849561994609165,0.051796176,0.22568557724181754,0.517720352054148,0.7852699146168953,0.45447573193703245,1066.jpg,1066,urban
38,3.6635616461296463,0.2453307962529274,0.023890669296191297,0.05467435537316136,2.077596917788493,0.8893771955503513,0.5019334618421298,0.13465676229508197,0.06457652,0.23709267428746342,0.5346203644854444,0.83195611104051,0.15100160809091864,1079.jpg,1079,urban
31,3.4657359027997265,0.4695865885416667,0.04758463541666667,0.11017081539615484,2.265644535685643,0.9276920572916667,0.5344013089452333,0.24658854166666666,0.12826535,0.2690451100883916,0.4827390519018167,0.8929914706002277,0.3757132338923461,1085.jpg,1085,urban
22,3.1354942159291497,0.37128255208333333,0.05088408499053033,0.09081019628207876,2.112556675160856,0.9333268229166667,0.5501774750138244,0.12118489583333333,0.042657763,0.20171932482390975,0.5036980996690574,0.7948862234704822,0.49516224128796454,110.jpg,110,urban
44,3.8066624897703196,0.24209674873737375,0.013862255366161619,0.0376552346244197,1.752257960244695,0.5874526515151515,0.49681570298186317,0.21025883838383838,0.11502653,0.2435705046739212,0.4905937151250502,0.7913336405684649,0.16191034980803207,1100.jpg,1100,urban
69,4.248495242049359,0.18196539750957855,0.011704998195346771,0.028224297614576652,2.6077898364657366,0.7182052203065135,0.4955026527442483,0.13928400383141762,0.06296135,0.21739560973493063,0.5664381929469261,0.830238943703154,0.20896262512885133,1101.jpg,1101,urban
49,3.912023005428146,0.23428059895833334,0.018695591517857144,0.0455985286663074,2.332808976435854,0.8124055989583333,0.4867802456015127,0.12017578125,0.059903838,0.2318286628922567,0.488398144646596,0.7661172407575293,0.17217557489095278,1121.jpg,1121,urban
31,3.4657359027997265,0.26600254186602873,0.0357083944281525,0.06637851655105957,2.53092774980881,0.9016073564593301,0.49353883828815936,0.22345992822966507,0.067096725,0.13178640761095042,0.5667163394965683,0.7905053573786135,0.48153186251276625,1124.jpg,1124,urban
24,3.2188758248682006,0.381396484375,0.039169243706597225,0.10265367604157372,1.5635592483668153,0.890888671875,0.569200329358948,0.07602213541666666,0.034553643,0.13915843182965235,0.5131665950008729,0.7950656425324725,0.4951748025550838,114.jpg,114,urban
39,3.6888794541139363,0.33276041666666667,0.034873631143162394,0.07223166591568571,3.007244975222526,0.922431640625,0.4634654661377551,0.065517578125,0.0389578,0.20015517884582215,0.4606050353185111,0.8113953491320117,0.4387695830542498,1158.jpg,1158,urban
23,3.1780538303479458,0.35712239583333333,0.057421025815217394,0.09189022805760681,2.5235379628041987,0.9030208333333334,0.5137498763464865,0.17339192708333334,0.08231106,0.1811314196877919,0.46023158635255473,0.8431841061698303,0.19215891043309183,1161.jpg,1161,urban
28,3.367295829986474,0.39337239583333333,0.03890566871279761,0.09499827297354468,1.8905347034541702,0.9694921875,0.7241497898364491,0.13106770833333334,0.047333144,0.225273488601391,0.6053736232530748,0.8634188750796135,0.48680789377188766,1176.jpg,1176,urban
33,3.5263605246161616,0.2923856548856549,0.03425608738108738,0.052898886172875824,2.9624350801696364,0.8434381496881497,0.5502797428442746,0.2955496361746362,0.1093251,0.22490526998955465,0.45602721333728435,0.8119839009576205,0.12737467283723217,1182.jpg,1182,urban
14,2.70805020110221,0.27674479166666666,0.03439453125,0.06958351534429957,1.0800379726922649,0.4534049479166667,0.47846689974252066,0.10348307291666667,0.052980784,0.18968049501857123,0.18867009587939407,0.5644861794208159,0.213822340342531,1184.jpg,1184,urban
46,3.8501476017100584,0.551376953125,0.0259767040307971,0.08867583493433531,2.04236591144515,0.932041015625,0.5185399661959046,0.037109375,0.025145287,0.21841544275427224,0.5789306124548432,0.8092504431656107,0.49102173361608137,1185.jpg,1185,urban
28,3.367295829986474,0.2867798353909465,0.015220251873897707,0.053007732151162154,0.9711421927348541,0.39330150462962965,0.47470489825604234,0.2158203125,0.08735105,0.3083754437258337,0.5667726404892276,0.859711581647762,0.14506366906348508,1189.jpg,1189,urban
56,4.04305126783455,0.5537177985948478,0.01816040324941452,0.08436071290396183,1.4138331063422598,0.9567330210772834,0.46550477973970705,0.21541642271662764,0.060157325,0.2746813785623767,0.6719856108281732,0.880458685666258,0.3609743423662821,119.jpg,119,urban
46,3.8501476017100584,0.25811746987951806,0.016706390780513357,0.04030307945208147,2.2557734397900875,0.6418712349397591,0.5106781923753216,0.16319277108433736,0.09319859,0.36442359654811907,0.6312352061618587,0.9052091049987548,0.29448716926270796,1203.jpg,1203,urban
51,3.9512437185814275,0.3019140625,0.023022301368464056,0.06327353805538431,2.44921133513316,0.8923307291666667,0.42002805962424117,0.18243489583333333,0.09204445,0.3456801068743476,0.555949437092577,0.798273586846688,0.43303597118374704,1206.jpg,1206,urban
51,3.9512437185814275,0.31597005208333334,0.018643663194444444,0.057215223768552974,2.1054546836746773,0.7827799479166667,0.5778329743717668,0.13824869791666666,0.1023753,0.3188510550829417,0.5212572311274863,0.8862539761121789,0.36367496403702404,1211.jpg,1211,urban
52,3.970291913552122,0.20455403645833334,0.028167380308493587,0.048202153489201593,3.7882558403214595,0.9537076822916667,0.5742535690296646,0.23941080729166667,0.13666509,0.23767207318739086,0.5575613938482588,0.8168947281615071,0.5355261940023873,1213.jpg,1213,urban
28,3.367295829986474,0.38567708333333334,0.05456322079613094,0.1087240949324458,2.4660782252030886,0.9804296875,0.47708430475931674,0.13866536458333334,0.04789163,0.2777152718301742,0.5621432517350852,0.8008377175354725,0.4566577989416131,1221.jpg,1221,urban
9,2.302585092994046,0.48524707433127573,0.10707134845107452,0.15445812020195984,1.3633615647752855,0.9632442772633745,0.46235424505897493,0.047578285751028807,0.02509425,0.25142936608105515,0.32177065814047073,0.5916022343997851,0.2835583591465027,1226.jpg,1226,urban
14,2.70805020110221,0.5318080357142857,0.0688471026431406,0.13663188146098146,1.3973127680323454,0.9455062624007936,0.5092040064100687,0.04324001736111111,0.023177322,0.267091956806827,0.4621419213999908,0.8112472816877017,0.31985222814148334,1227.jpg,1227,urban
44,3.8066624897703196,0.4719208140432099,0.02275850957491583,0.07084702108084763,2.2975070174215007,0.894141428755144,0.4928839786073985,0.08343782150205761,0.03422374,0.25249878333376924,0.5588234613404977,0.8057801085189841,0.16379271650261135,1228.jpg,1228,urban
22,3.1354942159291497,0.331259765625,0.046017844460227275,0.09018825948851658,1.8875807758395275,0.9335188802083333,0.5181162516319248,0.181474609375,0.05949234,0.27170914584442873,0.562279285727659,0.7956974995457626,0.37347796910324055,1236.jpg,1236,urban
70,4.2626798770413155,0.29223958333333333,0.011466471354166665,0.03724757500717411,2.3635889049143763,0.67732421875,0.48322471086888275,0.29211588541666667,0.16531979,0.290930654276898,0.4839934891082704,0.8543048322031671,0.26052898544169145,1250.jpg,1250,urban
34,3.5553480614894135,0.3969656422651934,0.03186989661195971,0.07106118156952304,2.4669513595139327,0.9190996201657459,0.5302511273603936,0.1278444406077348,0.048626628,0.2161102773947464,0.586010701779524,0.8085181381420814,0.2547839160777612,1252.jpg,1252,urban
27,3.332204510175204,0.16525065104166667,0.03928144290123457,0.05159318457840852,2.6538389671624225,0.7282063802083333,0.4425454607619792,0.24584309895833334,0.12619409,0.25026012563362127,0.43455923835183874,0.688841540339429,0.1695481056534662,1254.jpg,1254,urban
55,4.02535169073515,0.276162109375,0.021923295454545456,0.052548319342871776,3.055707416327894,0.932197265625,0.5710997470827147,0.22750651041666667,0.09863841,0.28959370954927227,0.5467447749678064,0.8653851261213766,0.44785309181932925,1267.jpg,1267,urban
37,3.6375861597263857,0.3517350260416667,0.02926141962274775,0.07571416454054342,2.1975277461641514,0.9595865885416667,0.52708084791398,0.21468424479166667,0.07742035,0.23690880468321535,0.5951613586775439,0.8506226660232874,0.46579487470981035,1270.jpg,1270,urban
28,3.367295829986474,0.38904296875,0.040493280319940476,0.08354660275759503,2.3313348317204627,0.9433984375,0.5336114890091045,0.14828450520833333,0.070094146,0.31013990579759376,0.5278090600890686,0.841772843236726,0.23066412540060266,1283.jpg,1283,urban
43,3.784189633918261,0.36556640625,0.028320161094961237,0.06349862546854236,2.8914855646336317,0.935517578125,0.5850470245757844,0.149150390625,0.06246317,0.26193181503082424,0.5330223580074361,0.8001063703614794,0.40704565077140575,1285.jpg,1285,urban
36,3.6109179126442243,0.24564627347417842,0.025214976199791343,0.05047126168910464,2.296096169604625,0.8475388791079812,0.6011578283747252,0.0959543720657277,0.049204316,0.35795828136633984,0.5675737887590243,0.8041995512235133,0.15456056876749263,1310.jpg,1310,urban
22,3.1354942159291497,0.2749743251173709,0.053344070102432785,0.08699506913257132,2.2114150668517607,0.8797791960093897,0.4769607739896533,0.17442414906103287,0.07207293,0.30821073956238126,0.5425467369028346,0.8142267288733251,0.17536075121165418,1313.jpg,1313,urban
35,3.58351893845611,0.3813306924882629,0.03329644533869886,0.07690438234637269,2.3727318218945723,0.8888167546948357,0.5329372269441475,0.13003961267605635,0.049992174,0.3005623041878276,0.5942530903708725,0.8105241862244956,0.3179821625530515,1315.jpg,1315,urban
16,2.833213344056216,0.33814127604166666,0.060764160156250004,0.09191742379262043,1.8136298497792953,0.9635481770833333,0.4623563765229083,0.21888346354166666,0.07498467,0.2575448136809024,0.4824048955620651,0.7642003684693277,0.29620209823185,1317.jpg,1317,urban
26,3.295836866004329,0.598037705399061,0.042140382358252085,0.11643869230479331,1.7991105136584815,0.8844960387323944,0.3996049526507687,0.2847087734741784,0.119902514,0.28446506202390637,0.42044181041231776,0.7848383325534827,0.4402216342981493,1327.jpg,1327,urban
38,3.6635616461296463,0.2979019953051643,0.029287801921176183,0.06532442394668178,2.355438211069588,0.933212294600939,0.5772724062126424,0.10591989436619718,0.05245081,0.3110020457144375,0.5129312849201392,0.8242925777136324,0.3035002116154973,1330.jpg,1330,urban
45,3.828641396489095,0.2222894659624413,0.019080920709441836,0.03332869716857381,2.800733564134884,0.6247285798122065,0.4636478479885774,0.16346830985915492,0.070324086,0.3130432415681116,0.4872906542510289,0.8010874130619244,0.1529555330893152,1331.jpg,1331,urban
33,3.5263605246161616,0.2223224765258216,0.026762452873808507,0.05135618345964468,2.1855654141179457,0.8107907863849765,0.5360329062593698,0.16450630868544602,0.07153482,0.28899508262994045,0.45255435221188633,0.8947788647971874,0.25057653295577903,1332.jpg,1332,urban
35,3.58351893845611,0.11428257042253522,0.018023348423876595,0.023845760666929314,2.121557958624488,0.5309088908450704,0.43964064129683056,0.29928110328638496,0.1426467,0.2621542802919867,0.5352828090085339,0.8116688151855351,0.1394291460682298,1333.jpg,1333,urban
21,3.091042453358316,0.271796875,0.020212363591269836,0.05865161759487083,0.9272441127371254,0.39083984375,0.589585874495397,0.326376953125,0.15204586,0.2401913401144094,0.5810205328255275,0.8632500631992441,0.3892155632732544,1336.jpg,1336,urban
15,2.772588722239781,0.25440104166666666,0.04266145833333334,0.07759194397892535,1.2744606053066365,0.5992513020833333,0.550133279140038,0.19867513020833333,0.07145032,0.24330807438401222,0.44670771260305797,0.7753391412214314,0.48826749659938584,1337.jpg,1337,urban
57,4.060443010546419,0.24575846354166667,0.019790810032894738,0.04005968852927256,3.22628944745885,0.8684602864583333,0.5655722867625171,0.29876627604166667,0.16353342,0.2325598913423286,0.5492237333936957,0.8266098547010168,0.10942117822749785,1339.jpg,1339,urban
31,3.4657359027997265,0.3747542546948357,0.033624039262456454,0.07548441886074031,2.175004952244332,0.9411935152582159,0.5493876682474514,0.06687206572769953,0.02455113,0.35338996876087225,0.604530498019187,0.8475260215288052,0.31403171594723267,1347.jpg,1347,urban
25,3.258096538021482,0.27623606220657276,0.038701144366197184,0.06212663325734155,2.3755735450449276,0.8909917840375586,0.46972820559018347,0.14679797535211267,0.043300275,0.3462272383674206,0.5211803202379987,0.792001382643444,0.27591116135667476,1349.jpg,1349,urban
11,2.4849066497880004,0.3588088768115942,0.0907723390739695,0.12063840755000695,1.5427483434590168,0.8309426759834369,0.6753264096849299,0.14156638198757765,0.079714105,0.22246563272965028,0.592632044925304,0.8120646645312664,0.27867962676596253,1352.jpg,1352,urban
17,2.8903717578961645,0.38828125,0.07114410998774509,0.10739900256278667,2.0876360730755414,0.9391569010416667,0.48158796558910333,0.22234700520833334,0.10901869,0.31286558272685844,0.3574850192388647,0.6878139551251541,0.41832714763389256,1353.jpg,1353,urban
25,3.258096538021482,0.18835286458333333,0.03463541666666667,0.05657920763183897,2.071275888087307,0.78197265625,0.49869301398045596,0.14939453125,0.0602673,0.20850056441655737,0.5613781002289434,0.8008638067034836,0.22452923116900073,1354.jpg,1354,urban
34,3.5553480614894135,0.5385221354166667,0.03278569240196078,0.09142802230013251,2.1868061133019725,0.916640625,0.43954271544809864,0.2601725260416667,0.08089147,0.17705651249840754,0.567006725544119,0.8722427116524878,0.3995503187282882,1358.jpg,1358,urban
33,3.5263605246161616,0.2179296875,0.03299538352272728,0.055286335171881626,2.576370243611776,0.9399641927083333,0.50905198139441,0.26216796875,0.12487501,0.20982070782561552,0.548330484118739,0.7748787794732066,0.11359197205053273,1363.jpg,1363,urban
26,3.295836866004329,0.3568619791666667,0.04972180488782052,0.0840735973287264,2.5423295680447353,0.9494303385416667,0.5518280198912255,0.13200846354166668,0.06756661,0.35488623464435143,0.5053299255522534,0.7744020478320149,0.2554725984209634,1366.jpg,1366,urban
39,3.6888794541139363,0.40778971354166665,0.03066464676816239,0.07636957060545473,2.500607798795207,0.87904296875,0.5334665621891342,0.15683268229166666,0.06064156,0.22192732732613815,0.5760873548930984,0.827107817149959,0.5746348963470497,1372.jpg,1372,urban
38,3.6635616461296463,0.32894101288056204,0.03283166291753975,0.0651900601146909,2.8553577572494913,0.9436694964871194,0.5830350311457705,0.18926375878220142,0.08549949,0.23228458406623398,0.5217648412265589,0.8252562159455096,0.40738914791767056,1374.jpg,1374,urban
67,4.219507705176107,0.1783203125,0.01898136271766169,0.036238685301094496,3.6353204467758617,0.7625358072916667,0.49014486797528434,0.18827799479166665,0.09771337,0.28707576564503967,0.4948639547484064,0.8334620959593593,0.28144619259478465,1375.jpg,1375,urban
30,3.4339872044851463,0.2687094155844156,0.04456101190476191,0.07257656713695664,2.7869628016571997,0.9385633116883116,0.5090199074476232,0.18267451298701298,0.07911757,0.2411536520395717,0.45265472112222765,0.7720019826726424,0.37124523987206376,1381.jpg,1381,urban
37,3.6375861597263857,0.22029947916666667,0.018504451717342343,0.03945595287751978,1.9612703617591694,0.6285286458333333,0.4835466338386043,0.25099283854166665,0.10656025,0.27916592527936046,0.3500847888384272,0.7984204299107455,0.08094450026477712,1387.jpg,1387,urban
44,3.8066624897703196,0.36548828125,0.03136674360795454,0.07825347382253346,2.703919109021849,0.95705078125,0.48469896557028835,0.21684895833333334,0.08924385,0.22405872840263052,0.48124661687620507,0.784275101671138,0.459309467114247,1393.jpg,1393,urban
42,3.7612001156935624,0.191640625,0.024916449652777777,0.04709035907355028,2.589958541839148,0.857783203125,0.41247282447365974,0.24489908854166667,0.12820813,0.26792365621958214,0.5615746455841224,0.8707045691693905,0.16249445963965967,1395.jpg,1395,urban
35,3.58351893845611,0.25395930913348946,0.03054575108732018,0.059063270721757884,2.527835921436763,0.8856776932084309,0.46335694037210806,0.17084309133489461,0.06690366,0.24116752971654806,0.4561588393975557,0.785567532807449,0.38206291373489226,1396.jpg,1396,urban
32,3.4965075614664802,0.41133269906323183,0.03244829021516393,0.08102942579165485,1.9795222770728182,0.9359265222482436,0.573892273621852,0.07953747072599532,0.045242727,0.24259617893654717,0.4889889844652373,0.8944359685216904,0.4071500417851825,1397.jpg,1397,urban
29,3.4011973816621555,0.361435546875,0.03663344109195403,0.07176345092230714,2.4225312664543,0.8614127604166667,0.44086610092974376,0.16849283854166666,0.056533452,0.2918361527525783,0.49263193344567197,0.7813033934435777,0.4432047827429684,140.jpg,140,urban
32,3.4965075614664802,0.23124674479166665,0.04593526204427083,0.06415501909126285,3.3057440605447286,0.922216796875,0.5302418879281343,0.07555338541666666,0.039371476,0.24372690201000483,0.44088304029548864,0.7635940464557466,0.2665438952358304,1402.jpg,1402,urban
35,3.58351893845611,0.3031908665105386,0.030478420876547334,0.07512154957656719,2.056872772286932,0.965998243559719,0.5551993411225271,0.10108313817330211,0.054394815,0.24340559715330673,0.5196001035675624,0.8400666164012877,0.5212072262302353,1403.jpg,1403,urban
20,3.044522437723423,0.3442252604166667,0.051581868489583335,0.09870991488263618,1.788882922295536,0.9427604166666667,0.5472102309242058,0.175224609375,0.05849084,0.20474955225950606,0.5557054978874553,0.8320014550936836,0.3673715740736386,1406.jpg,1406,urban
29,3.4011973816621555,0.41748649691358025,0.02962059431318291,0.08729655749825518,1.4205488719836086,0.842970357510288,0.48075449617700816,0.046139564043209874,0.029054426,0.28171430740908404,0.4571973975266265,0.8628203014276711,0.27739193983087135,1414.jpg,1414,urban
38,3.6635616461296463,0.38162045187793425,0.029142729182110205,0.07428389036849459,2.2243491979065637,0.9436729753521127,0.4728931520332179,0.15836267605633803,0.061007712,0.3141460508011321,0.5398629887095062,0.8262987010569448,0.4568123103803116,1419.jpg,1419,urban
54,4.007333185232471,0.29430013020833334,0.020274040316358023,0.05433072190253863,2.527269744548571,0.9008170572916666,0.43951815215789314,0.18548828125,0.092165664,0.24788520362245134,0.5145835409015121,0.8429692116308444,0.20203916426862498,1420.jpg,1420,urban
40,3.713572066704308,0.3528909691629956,0.034338346640969165,0.06675495946794426,3.0602253421707686,0.8964585627753304,0.56886109679757,0.06733204845814977,0.036630165,0.25205934747867237,0.45429887849745043,0.7803544470660221,0.42036915751141185,1422.jpg,1422,urban
24,3.2188758248682006,0.31928059895833333,0.039809977213541674,0.07396097711492705,2.0282807762024495,0.8206282552083334,0.5313202236086976,0.17085611979166668,0.07709365,0.2384233238292265,0.4989969531627663,0.7989455537887405,0.2636472825689324,1423.jpg,1423,urban
31,3.4657359027997265,0.4989453125,0.03772292926747313,0.09416877654149172,2.2924575000809564,0.9586490885416666,0.48124811512380616,0.24007161458333334,0.10464226,0.25232711552440723,0.42934595032458334,0.7386462021883412,0.2981870679861283,1424.jpg,1424,urban
19,2.995732273553991,0.3637239583333333,0.04849318119517544,0.11007235620920361,1.2803349487159155,0.7630859375,0.5725319817350668,0.04282552083333333,0.03263021,0.3456480427478316,0.4096907365366233,0.8202020201250876,0.3366819353972073,1425.jpg,1425,urban
15,2.772588722239781,0.737470703125,0.07191080729166668,0.18399840095765052,1.1297249335245703,0.96921875,0.4374858441726853,0.053346354166666665,0.033843264,0.24200110119783352,0.3284946874208565,0.6765601699760823,0.4490342320587282,1427.jpg,1427,urban
37,3.6375861597263857,0.25866861979166667,0.03064558699324324,0.056702601118077615,2.72199468803126,0.8214485677083333,0.5381932029882792,0.22494791666666666,0.09744728,0.23142854410372024,0.4832813103699821,0.7932467449813237,0.41868276535149246,1428.jpg,1428,urban
35,3.58351893845611,0.20556966145833333,0.0334096912202381,0.05982140948901022,2.6783331028906057,0.8903743489583333,0.4947367730032015,0.19519856770833333,0.10572849,0.2649347642513122,0.48052326853282323,0.8071453371254309,0.19137878263420227,1430.jpg,1430,urban
39,3.6888794541139363,0.306005859375,0.026356837606837605,0.05560810536955335,2.4907823824934034,0.8713151041666667,0.5171423436847493,0.16730143229166666,0.05886978,0.2726246814874731,0.45335103673995375,0.7685481852196447,0.14555481617615898,1435.jpg,1435,urban
29,3.4011973816621555,0.4775162760416667,0.041985789331896554,0.1058540462535963,1.9766462405305156,0.9609765625,0.4786817069324071,0.14488606770833334,0.07078233,0.2838210726019986,0.5663889358217963,0.8531700274280346,0.37657538191623047,1440.jpg,1440,urban
38,3.6635616461296463,0.33377329192546584,0.03232010052304674,0.0717790524208548,2.477529871740633,0.8745276915113872,0.5398118645907484,0.13120794513457557,0.052931406,0.25181384490018754,0.5729835170688242,0.8477319992576728,0.37434809070863206,1448.jpg,1448,urban
30,3.4339872044851463,0.3784125766871166,0.04416075536809815,0.07183441305984256,3.0778856774601846,0.9218126917177915,0.4108947790814752,0.13694401840490797,0.07801625,0.274518108353052,0.4742428774135486,0.7827795831088521,0.37133821073856277,1450.jpg,1450,urban
42,3.7612001156935624,0.27637369791666666,0.03954853360615079,0.06091937575272166,3.9167711501056273,0.9368684895833334,0.5584466656288322,0.23378580729166668,0.110744625,0.23279365324694537,0.529328646491402,0.8328995562200296,0.6238962533690158,1454.jpg,1454,urban
23,3.1780538303479458,0.447119140625,0.049230072463768114,0.11352847880069329,1.6957921312757207,0.9479459635416667,0.45454341018413125,0.16735026041666667,0.060684986,0.2957106570816323,0.5583088354682326,0.8464979936885056,0.3208346662920022,1457.jpg,1457,urban
64,4.174387269895637,0.35853190104166666,0.02265869140625,0.06084828829818848,3.5058760648706397,0.957705078125,0.5289524049120682,0.15000651041666666,0.075373225,0.2176836170723679,0.5244196396578276,0.7770023504391738,0.3279730466252942,1464.jpg,1464,urban
38,3.6635616461296463,0.22953125,0.02727958813048245,0.046436347089002426,2.752455841723191,0.8644596354166667,0.5690029956704985,0.24477213541666668,0.14025539,0.25440461334908027,0.551104757786284,0.9339553512016202,0.14838900725608603,1466.jpg,1466,urban
38,3.6635616461296463,0.24817057291666667,0.03491485060307018,0.0665373319956674,2.8404603097119576,0.962314453125,0.5349772958182397,0.20523111979166667,0.10359456,0.31687192888918786,0.5716545598127176,0.817152290355252,0.41364780985046257,1472.jpg,1472,urban
24,3.2188758248682006,0.33202473958333334,0.04078748914930556,0.08095029578363053,1.9416906081790886,0.742958984375,0.46873334066117467,0.33970052083333335,0.24320266,0.2907201103187777,0.5769576778819729,0.8098374671600387,0.21088469151435194,1477.jpg,1477,urban
34,3.5553480614894135,0.4555794270833333,0.02890481387867647,0.09741568923275556,1.4695946095545644,0.92373046875,0.5939804941112206,0.12505533854166667,0.049295414,0.1759550502346518,0.5705172327907315,0.8203502614670697,0.5135800990765009,1478.jpg,1478,urban
33,3.5263605246161616,0.42030924479166665,0.03041794902146465,0.09798696020828596,1.5558227221862158,0.952958984375,0.6035383470301519,0.05066731770833333,0.03206739,0.24944210888627458,0.5116258504231258,0.7469054724309312,0.306629230376894,1487.jpg,1487,urban
50,3.9318256327243257,0.10448990046838408,0.0122401200234192,0.01866711556303622,2.2122040937407,0.4779456967213115,0.5155452006436031,0.2775541569086651,0.09102522,0.2257607806346912,0.5208837470206741,0.8316613166115224,0.10323123685743651,149.jpg,149,urban
35,3.58351893845611,0.278857421875,0.037377232142857146,0.07506024679813385,2.6300469597911884,0.9005501302083333,0.5114808891442941,0.19583984375,0.08866855,0.1998945973296042,0.48576060701930723,0.8274512825726299,0.36178037135971336,1496.jpg,1496,urban
39,3.6888794541139363,0.32811848958333334,0.028013404780982906,0.06358207142552227,2.3947019781626975,0.7391438802083333,0.503181631905361,0.15966145833333334,0.0718634,0.22290258916762995,0.4606102840078412,0.8458119684835466,0.3306500481361932,1504.jpg,1504,urban
31,3.4657359027997265,0.457265625,0.03373886928763441,0.08231022916219422,2.210069438938938,0.894677734375,0.4724191322361293,0.23086588541666667,0.14153561,0.25742961713679924,0.468363267067868,0.7898377924566541,0.4351112057374784,1507.jpg,1507,urban
26,3.295836866004329,0.38205403645833336,0.044726812900641025,0.08185095416923041,2.4220196619254577,0.9240885416666667,0.5671346610175443,0.139013671875,0.056273315,0.33109891840027694,0.46589860465085686,0.8714646463829057,0.2801099437249132,1508.jpg,1508,urban
15,2.772588722239781,0.92457421875,0.06798984375,0.22922520927990733,0.43657194716712366,0.97062890625,0.4552510075062397,0.03040234375,0.02991278,0.095604782580639,0.5304961448318344,0.8320952643465165,0.5009379322196743,151.jpg,151,urban
34,3.5553480614894135,0.3369368489583333,0.025316999846813727,0.06547233093216195,1.9334807441691015,0.818642578125,0.4726710688068426,0.184638671875,0.08203657,0.24344475868256552,0.4493494225705547,0.8165797517310853,0.27005678233375036,1511.jpg,1511,urban
32,3.4965075614664802,0.3545963541666667,0.03148539225260417,0.08014415240046525,1.8713510718835362,0.85708984375,0.6069545797589346,0.18254557291666668,0.06535264,0.27435940562251443,0.5080531978182503,0.8662337032036831,0.3710789921465308,1512.jpg,1512,urban
39,3.6888794541139363,0.39445638020833335,0.017457348424145296,0.06242424172083305,1.4893465803497732,0.6483463541666666,0.5062640007489505,0.12252278645833334,0.05384915,0.2233340159024483,0.5436947688385899,0.8368330757446941,0.2671239549404651,1514.jpg,1514,urban
36,3.6109179126442243,0.450517578125,0.02680844907407407,0.07909123992269354,1.8788145138274277,0.8765201822916666,0.5229666800600852,0.15240885416666666,0.06421158,0.19783973662131993,0.547383267521342,0.8137476712584119,0.3913978823920467,1521.jpg,1521,urban
61,4.127134385045092,0.25015332943925234,0.016858517982993718,0.03705824769191258,3.062647588883025,0.806684433411215,0.4430356609518158,0.09020882009345794,0.045499615,0.23656319227663605,0.5316561099795707,0.8306306776299214,0.23885964646564073,153.jpg,153,urban
36,3.6109179126442243,0.32064127604166665,0.025307074652777775,0.06081599945155837,2.148592415567841,0.812333984375,0.47247851486003445,0.20777018229166666,0.1211389,0.30103706364512656,0.5422816601189717,0.7902194718624089,0.190816065728049,1534.jpg,1534,urban
46,3.8501476017100584,0.33989908854166667,0.019575761435688406,0.05235803636354036,2.302060391092886,0.7149576822916667,0.5140498623907869,0.168076171875,0.09059564,0.24345935442076264,0.4876187640243297,0.8992346901943051,0.23831163611478326,1537.jpg,1537,urban
28,3.367295829986474,0.26783044258373206,0.031760509227614496,0.06465044898440626,2.013318859762219,0.8533006877990431,0.6029001597619922,0.06814069976076555,0.028476354,0.24397378623220112,0.429267400697924,0.8138654495353635,0.23496771325585367,1549.jpg,1549,urban
14,2.70805020110221,0.471326112412178,0.054206831298093,0.12100211924824773,1.1681393935032527,0.7424582845433255,0.43032312957138075,0.11887441451990632,0.045687445,0.2801571111239894,0.5822677495858616,0.8219597734761228,0.26531256375945816,1555.jpg,1555,urban
13,2.6390573296152584,0.47429742388758783,0.07378231399747794,0.12634680440315085,1.529876549260133,0.8928242096018736,0.4308223945833982,0.09520638173302108,0.038778882,0.23133377532582483,0.4858664105585868,0.8059297059711812,0.22127636067687304,1556.jpg,1556,urban
31,3.4657359027997265,0.3293326822916667,0.03535534274193548,0.06326793695111604,2.695049450098073,0.9265787760416667,0.531009407701018,0.19244140625,0.06320847,0.2918129539354318,0.5216458204562626,0.7880222651755254,0.2867292179992562,156.jpg,156,urban
32,3.4965075614664802,0.300185546875,0.03034891764322916,0.07702793897209685,1.7869433681588898,0.9168424479166667,0.5524998966779425,0.13796875,0.06656313,0.2559104095427301,0.4540826651732403,0.8525191252518545,0.23432507120657434,1563.jpg,1563,urban
31,3.4657359027997265,0.5254752604166667,0.05389826948924731,0.11059769337723789,2.793206443061383,0.87033203125,0.5052050214550998,0.252861328125,0.14654575,0.29330766221313304,0.494746230334802,0.8258828775838502,0.2771137076530243,1572.jpg,1572,urban
30,3.4339872044851463,0.36886021784232365,0.03193626815352697,0.07901334802575082,1.9091842598496684,0.8608985995850622,0.47656570328263237,0.15230809128630704,0.060656212,0.23334485694734236,0.5230183796224397,0.8707045625364541,0.44782202237501406,1573.jpg,1573,urban
30,3.4339872044851463,0.4511588541666667,0.05000694444444445,0.11904105665278365,2.1600920233775844,0.9708203125,0.6306520141863659,0.03547200520833333,0.030863035,0.27246856634804645,0.5968050045329096,0.8210451622034668,0.490102412049823,1585.jpg,1585,urban
52,3.970291913552122,0.2784147135416667,0.01916240985576923,0.05039089007757234,2.5023361390198886,0.798935546875,0.5288997994104492,0.18606770833333333,0.07809647,0.23424571694038981,0.5482974956983457,0.7923412389812214,0.18943941388442434,1586.jpg,1586,urban
45,3.828641396489095,0.3496809895833333,0.01679651331018519,0.052947058289576646,1.829234516356003,0.6571354166666666,0.5569005272217176,0.088857421875,0.0352498,0.24428992720320003,0.5655296510041947,0.8638872006758507,0.23480174308852395,1596.jpg,1596,urban
16,2.833213344056216,0.41628000585480096,0.06318656689110069,0.11231976011760804,1.6836597819797845,0.9458467505854801,0.5793972832279571,0.0666532494145199,0.03519098,0.22370553781188784,0.47824416363532135,0.815161215312173,0.25897076934615665,1597.jpg,1597,urban
25,3.258096538021482,0.496513671875,0.04065143229166666,0.12455050794668954,1.1881228255578469,0.96662109375,0.6365091588498244,0.14174479166666668,0.044572815,0.22833355843569783,0.5865099643273011,0.8236590356551126,0.4315607288812273,1598.jpg,1598,urban
16,2.833213344056216,0.23197916666666665,0.029063517252604164,0.062193762686133656,0.9939383203032621,0.45740234375,0.4248977388167092,0.18329752604166666,0.14174375,0.3677042419409582,0.583018354642664,0.8726824178441993,0.4675856848442128,1600.jpg,1600,urban
73,4.30406509320417,0.32527994791666665,0.01882041060216895,0.04994474203060816,3.5173035978925564,0.8070442708333333,0.49864549189847895,0.11495768229166667,0.054348383,0.1915248763117982,0.5444045445559141,0.8232102075004847,0.3470021395040701,1608.jpg,1608,urban
49,3.912023005428146,0.32894467213114753,0.021770275733244117,0.06563000946367534,2.080719544379699,0.9331369535519126,0.5186058481438346,0.060779542349726774,0.029753277,0.12564185087877894,0.5064241161512267,0.8578307483899493,0.49229207472925474,1618.jpg,1618,urban
33,3.5263605246161616,0.39289713541666665,0.03327266808712122,0.07979652102009718,2.2239000828806286,0.9279166666666666,0.5273011267120389,0.08652018229166666,0.048447058,0.33684332955618707,0.5540524546215506,0.8734208546783475,0.4410658210308385,1620.jpg,1620,urban
17,2.8903717578961645,0.35703450520833335,0.06422257965686273,0.09070000548327285,2.104657018291797,0.944755859375,0.5689500401917964,0.09120768229166666,0.057093427,0.3544680495581714,0.5573236946774422,0.8522632198064184,0.20767700220199406,1622.jpg,1622,urban
42,3.7612001156935624,0.268434219160105,0.020460528371453568,0.054675417499778174,2.0660475148492954,0.7905962926509187,0.5310282411982318,0.09309793307086614,0.045904107,0.2758243833463897,0.5327058794432474,0.883390779005408,0.2951650984021619,1623.jpg,1623,urban
10,2.3978952727983707,0.3593102331606218,0.09036147992227979,0.12061002157066916,1.4684498014241965,0.9005586139896373,0.4605723539434273,0.2367997085492228,0.08371147,0.19383478067983007,0.42810125687459405,0.7163148881313414,0.3524129893585493,1626.jpg,1626,urban
15,2.772588722239781,0.4080729166666667,0.06715668402777779,0.12878718976176448,1.4336782356401214,0.9477180989583334,0.41925774065966204,0.18919921875,0.0706103,0.20794882410473153,0.4862991720941387,0.8458348692745449,0.48223691944343994,1629.jpg,1629,urban
32,3.4965075614664802,0.24020232815964523,0.03239296788386918,0.05380933742790958,2.528368266518819,0.84021272172949,0.48960889651275774,0.03912139689578714,0.022693502,0.28588186761904577,0.5198142442025093,0.864424239771508,0.29806135621296403,163.jpg,163,urban
40,3.713572066704308,0.357216796875,0.025513916015625,0.07404737690011384,1.9126534213419997,0.911572265625,0.5069836160210521,0.14860026041666666,0.0508173,0.28843460241778174,0.629094782341739,0.8714764412662007,0.5944223356642766,1631.jpg,1631,urban
35,3.58351893845611,0.34529296875,0.034216796875,0.07740644314418527,2.309399283514301,0.8881510416666667,0.476845301706765,0.12565104166666666,0.058102563,0.22490129915519896,0.4470671591239268,0.8892867791001478,0.4112065982485568,1634.jpg,1634,urban
49,3.912023005428146,0.29333658854166667,0.024536232461734697,0.051286505287384744,3.0727162855515404,0.910498046875,0.45595225856134813,0.20182291666666666,0.10329509,0.23943009932344017,0.5244246430812334,0.8050808787904856,0.2099145030496996,1636.jpg,1636,urban
42,3.7612001156935624,0.28474287014563104,0.02692793212552011,0.06699368646457377,2.4027588946922482,0.9243287317961165,0.5495299070461095,0.1805976941747573,0.060882483,0.26950951048672916,0.5431102334483794,0.8134337597143357,0.38364309272101305,1641.jpg,1641,urban
26,3.295836866004329,0.35845703125,0.047021734775641026,0.09012092613323257,2.3100407284718463,0.9564518229166666,0.45040273334892145,0.208212890625,0.108157985,0.25535736873791387,0.45440420924108565,0.7819505443514365,0.2806646531957722,1652.jpg,1652,urban
16,2.833213344056216,0.4949222222222222,0.0693587962962963,0.14522476335938642,1.31516054932288,0.8835814814814815,0.5111061791743896,0.1900851851851852,0.05339696,0.30313110181377106,0.5081581333459761,0.8853311499223896,0.34336623080083,1654.jpg,1654,urban
24,3.2188758248682006,0.29907877604166666,0.043892822265625,0.0707241685519442,2.3391740264326883,0.8549381510416667,0.5279438048904126,0.17090169270833333,0.07084789,0.23632488167421495,0.6027879485237269,0.8357308438295459,0.5093597507723634,1657.jpg,1657,urban
38,3.6635616461296463,0.21406575520833335,0.01772957785087719,0.04364177401620964,1.7349768531829266,0.6552180989583334,0.5268186501527901,0.19553059895833333,0.08091693,0.26326404843114803,0.5697907444163707,0.8690194954180195,0.24134120020602143,1659.jpg,1659,urban
23,3.1780538303479458,0.4680891927083333,0.04743036684782608,0.12030781998692114,1.64904600682611,0.9518912760416667,0.5195007654692149,0.062587890625,0.03180776,0.23212643092629726,0.583848536598833,0.8335775844125632,0.4341860599585004,1664.jpg,1664,urban
26,3.295836866004329,0.4586263020833333,0.04929962940705128,0.09835943357137546,2.3598234274323118,0.9511686197916667,0.5365705392474798,0.062744140625,0.031234149,0.28663938975214837,0.5454096221563253,0.86784354540601,0.4094075022003083,1665.jpg,1665,urban
35,3.58351893845611,0.3465822599531616,0.026348172465707604,0.0721038284809543,1.7978271137014115,0.90625,0.5795605121771175,0.12095286885245901,0.053315587,0.22895313379441395,0.48915872259006343,0.7972475177093717,0.31584394339107086,1674.jpg,1674,urban
27,3.332204510175204,0.41163504464285716,0.03886701526675484,0.09181694648989522,1.9639207744107277,0.9644298735119048,0.5359191353789492,0.16722470238095238,0.082893796,0.17997422819019668,0.538785233348755,0.7925466026687441,0.22255168906940045,1677.jpg,1677,urban
32,3.4965075614664802,0.38814453125,0.0323956298828125,0.07365563771587438,2.236791680391501,0.9102506510416667,0.5071497323066708,0.07336588541666667,0.034042675,0.2786818318269229,0.4758127022534777,0.8102519485712232,0.26336710982335226,1680.jpg,1680,urban
65,4.189654742026425,0.3782682291666667,0.01848818108974359,0.05190342039616177,3.067267546432213,0.9159440104166666,0.4572346354271045,0.24573567708333333,0.11483109,0.23610792693394228,0.6065460375546089,0.8645590843970662,0.34497265962599427,1684.jpg,1684,urban
53,3.9889840465642745,0.30517783957845435,0.019776730480314614,0.05720834682194613,2.544346010720976,0.9217871779859484,0.4935491520789741,0.1292447306791569,0.06293267,0.27590816809386454,0.5112967630627546,0.8057916709546757,0.22967185718015845,1686.jpg,1686,urban
23,3.1780538303479458,0.3432258492569002,0.05198698421489891,0.09378277408762378,2.1232441807429008,0.9465897027600849,0.44362094056078183,0.22816480891719745,0.07851492,0.18114742416814675,0.48010957709633834,0.8335557320298667,0.49122605886428206,1692.jpg,1692,urban
24,3.2188758248682006,0.372216796875,0.058724636501736115,0.10366216483371743,2.4375886376830183,0.9404817708333333,0.5089196240009568,0.23255859375,0.08671653,0.16740964552465099,0.43215831375825725,0.7480934077445036,0.4212803513475681,1694.jpg,1694,urban
28,3.367295829986474,0.3152101426799007,0.03532130671747607,0.08077956049064397,1.8049968775392689,0.9219719292803971,0.47058886592474414,0.04554513027295285,0.028049255,0.2760718051716191,0.46788513634599493,0.7854605242160001,0.5045000644010874,1695.jpg,1695,urban
33,3.5263605246161616,0.314697265625,0.019199909248737372,0.05765272320345771,1.3935611789380797,0.6123014322916667,0.5684622001389605,0.09781901041666667,0.03507104,0.28819051077213687,0.5510309266726514,0.8515791872517922,0.3096377449447947,17.jpg,17,urban
57,4.060443010546419,0.22260416666666666,0.016231496710526316,0.04144156687544219,2.467571063647675,0.6897623697916667,0.5562220272894123,0.21861653645833334,0.07693064,0.2712738489709999,0.5788942866022662,0.8498971197707896,0.23138241533358206,1709.jpg,1709,urban
20,3.044522437723423,0.22338999155405406,0.027760504645270273,0.05045280465096025,1.454596454696638,0.5250052787162162,0.5534936215571888,0.2840371621621622,0.08489094,0.12374975676403235,0.4445827043252696,0.8336567877754799,0.15867520724714912,171.jpg,171,urban
33,3.5263605246161616,0.26316581905781583,0.02862687366167023,0.06451671262725397,2.1149453231120106,0.8370081638115632,0.5162089897628274,0.19718281584582442,0.07195729,0.31282719717074886,0.4984741177167448,0.8357008254016626,0.4441527651800416,1710.jpg,1710,urban
17,2.8903717578961645,0.3562369791666667,0.05592735140931373,0.0983848495332098,1.7479682734462827,0.9027213541666667,0.6251685465060197,0.11666341145833334,0.07340857,0.3525311098538283,0.5313021203552539,0.7696255229874376,0.28371169619119047,1730.jpg,1730,urban
50,3.9318256327243257,0.390537109375,0.018178059895833334,0.05482607256096339,2.4299171677483242,0.7575,0.4996342377581421,0.09303059895833334,0.053078055,0.3313971233035274,0.4328037544463906,0.7930959019685668,0.25393960439905766,1736.jpg,1736,urban
47,3.871201010907891,0.2379691193853428,0.023146707283335843,0.0422551189958973,3.0355374058273994,0.8833887411347517,0.5066675088307488,0.25380466903073284,0.1599132,0.30323097296872764,0.5211195599435663,0.8202139593974218,0.2188908834109848,1742.jpg,1742,urban
31,3.4657359027997265,0.18092122395833332,0.03557722194220431,0.0464909702585718,2.913701819367989,0.955087890625,0.551443738839806,0.20699869791666667,0.08446699,0.2837450120207367,0.5029930938413782,0.6698314159762481,0.07034149307401454,1755.jpg,1755,urban
23,3.1780538303479458,0.3359765625,0.06166525135869565,0.09243669498459427,2.6804328796647905,0.9517122395833333,0.5073552362925601,0.203837890625,0.07571245,0.284453339322927,0.47932165398621623,0.7665902501114226,0.29398154528809656,1756.jpg,1756,urban
74,4.31748811353631,0.3443221830985915,0.01277196540730872,0.043841153223452466,2.511344862740447,0.7944615610328638,0.49506514190537,0.0957012910798122,0.051144827,0.3539404357819223,0.6117957336976071,0.9087554755210406,0.30111805114754486,1770.jpg,1770,urban
36,3.6109179126442243,0.3245670572916667,0.030571560329861112,0.0643766783917639,2.585542581181711,0.937724609375,0.6011954830473176,0.16300455729166666,0.052635293,0.32898472748303753,0.5524099228182664,0.8119289422803561,0.4135599130136613,1773.jpg,1773,urban
39,3.6888794541139363,0.4444314108830238,0.021873992196572847,0.07135259664131409,1.8406421440188037,0.7251547735418703,0.43550043339129796,0.1359465623981753,0.048488617,0.1770081995991239,0.590575115877028,0.8731726608655649,0.1559503211214999,1779.jpg,1779,urban
32,3.4965075614664802,0.3391314845474614,0.03735286889486755,0.08082311014656927,2.375074158025183,0.8432326158940397,0.5472614065004481,0.07805601545253864,0.036758948,0.21603987338415373,0.43200203447648994,0.8224912867624193,0.5505085589558526,178.jpg,178,urban
45,3.828641396489095,0.28616176470588234,0.020138807189542484,0.052532673359786765,2.1947743426091044,0.8235992647058824,0.4688843689657932,0.19642279411764707,0.08440462,0.25289959189800754,0.5011480582505279,0.894371871296481,0.13043789376496753,1790.jpg,1790,urban
46,3.8501476017100584,0.22849765488388815,0.017725503821604913,0.03683818132772239,2.454047157259691,0.5951447108234871,0.5399534216969896,0.21450049843931296,0.06650774,0.15620736444176478,0.524452527488162,0.847872906001092,0.35419387642946115,1792.jpg,1792,urban
36,3.6109179126442243,0.3034360362997658,0.02757316468253968,0.0687655124363585,2.112015893260952,0.8219079332552693,0.5304248016856001,0.1304449648711944,0.06748386,0.22121572861477065,0.5420742984695219,0.8034167114788404,0.35688018845091524,1799.jpg,1799,urban
27,3.332204510175204,0.4696977459016393,0.03714532374880735,0.11261447029962098,1.3610780711402035,0.9321501756440281,0.5979647328509681,0.14937426814988292,0.041201726,0.1792764159934189,0.5866283772249025,0.8441612586444468,0.32373126623119636,180.jpg,180,urban
15,2.772588722239781,0.35872326203208554,0.07387533422459894,0.10444625360640936,1.9195183135142322,0.9581007687165776,0.5371767069579576,0.19357035427807487,0.08511682,0.2353843175007582,0.4875189362378454,0.8059197855615389,0.4187411634610881,1807.jpg,1807,urban
29,3.4011973816621555,0.2954557291666667,0.0373791082974138,0.06767517038464528,2.3794085359408257,0.8424739583333334,0.5075789757024871,0.15372395833333333,0.06099395,0.29904003374260696,0.5732577967029656,0.8334049098191925,0.24119409968659586,1808.jpg,1808,urban
39,3.6888794541139363,0.30122850122850126,0.03716910766091095,0.073803396210067,2.87872273603905,0.8811576106658073,0.39425851314807203,0.14445563298022315,0.05789998,0.1994424496742269,0.5173302717026398,0.8305787472726172,0.34573408948867873,1813.jpg,1813,urban
36,3.6109179126442243,0.2730253353204173,0.03053530430579611,0.05959660187778757,2.628786069959054,0.9315221331614775,0.40276420129754165,0.12310387884158376,0.08352954,0.3597436136452167,0.5606465271119371,0.8350758618043583,0.2806905523638424,1815.jpg,1815,urban
53,3.9889840465642745,0.20037109375,0.015492826257861633,0.03386360199137154,2.4510345269208105,0.7220052083333334,0.46683169358304066,0.25084309895833334,0.097666405,0.23639044303741608,0.516427217722453,0.8147551931994287,0.19306904156599491,1816.jpg,1816,urban
26,3.295836866004329,0.29490559895833335,0.032627704326923086,0.06737961533603024,1.8265297243886864,0.8132454427083333,0.4755757720565358,0.25208658854166666,0.12634452,0.25931554364037684,0.5048617549858825,0.740312835736995,0.273135520416617,1819.jpg,1819,urban
44,3.8066624897703196,0.45844401041666666,0.022612008759469695,0.08209595213219374,1.5338647231294356,0.82607421875,0.5558875618479642,0.23295572916666665,0.10373679,0.1662613906833659,0.6462831350507741,0.8768623250019625,0.45636762010189846,1821.jpg,1821,urban
53,3.9889840465642745,0.14173828125,0.011232587706367925,0.024082113114050993,1.982865521600954,0.5516650390625,0.4714010635638949,0.2194677734375,0.11211745,0.18126345051229115,0.5088206903588459,0.9022822493079871,0.21132147836993634,1826.jpg,1826,urban
14,2.70805020110221,0.6127408854166667,0.09488164992559524,0.17315313717121483,1.5294524078969012,0.9352604166666667,0.5142105029665429,0.25726888020833333,0.10652179,0.17955727467626978,0.4407648476436304,0.8385764709656096,0.384677456861598,1828.jpg,1828,urban
25,3.258096538021482,0.40086724238875876,0.037944672131147536,0.09855987252753642,1.5098994269215475,0.9284177400468384,0.5409968427708898,0.15414959016393442,0.042973306,0.25122280018516596,0.6028417207623709,0.8411227372249,0.541886151884639,183.jpg,183,urban
26,3.295836866004329,0.43140625,0.04075032552083332,0.0952388815239746,1.8900046743339647,0.9631966145833334,0.5622449982246184,0.19186197916666667,0.07014296,0.323848727565737,0.43571921917393264,0.7660692690191024,0.25117566940569114,1840.jpg,1840,urban
28,3.367295829986474,0.2880526928191489,0.04038887371770517,0.06419236039336003,2.57053367211167,0.9016248337765957,0.5814010885885743,0.07394863696808511,0.04312137,0.339937215614319,0.4944654597713175,0.7440566949953129,0.32430103262210197,1843.jpg,1843,urban
51,3.9512437185814275,0.12000802997858673,0.021038215875215184,0.02884929658035591,3.3568320320534486,0.7218114293361885,0.5257990005923201,0.2558886509635974,0.12475797,0.2715972916956236,0.4930576660661179,0.8862652768674587,0.30476486108284756,1847.jpg,1847,urban
50,3.9318256327243257,0.2547080592105263,0.022479098135964916,0.04900293387329939,2.861377687947884,0.9322471217105263,0.5528248347781821,0.13551603618421051,0.055247936,0.31883207624171356,0.5530988716831888,0.8891019627733574,0.4167392047708052,1848.jpg,1848,urban
22,3.1354942159291497,0.3292545572916667,0.04595777107007575,0.10139768017375822,1.5947932199868733,0.9614973958333334,0.6137269142717865,0.10272135416666667,0.062757805,0.3205534778645809,0.5306619350696097,0.8623692800959467,0.2882682188357094,1885.jpg,1885,urban
59,4.0943445622221,0.26176106770833335,0.017429544050141244,0.03987878864160644,2.957551777620257,0.7613671875,0.44463359857118356,0.18532552083333334,0.07257395,0.29358919512619674,0.5448448167684004,0.8591642764934972,0.4161217984311348,1887.jpg,1887,urban
23,3.1780538303479458,0.43501224078341016,0.04423634416950511,0.11647689477958581,1.38549907691565,0.9634576612903226,0.5285575041008679,0.1383352534562212,0.04502737,0.17274887584640128,0.5035048076583977,0.7953589909308333,0.4279060518445668,1889.jpg,1889,urban
29,3.4011973816621555,0.22810546875,0.03729626885775862,0.057628218635615513,2.5775474674242704,0.8348372395833333,0.49126524435960695,0.19987955729166668,0.083705835,0.2808633904126773,0.5612844381005215,0.8997965175833902,0.32170213777280804,1892.jpg,1892,urban
30,3.4339872044851463,0.3132694384449244,0.03795873830093593,0.07666296367474129,2.335619636882253,0.9413336933045356,0.4203618429238263,0.14242710583153348,0.053645357,0.2520721165701506,0.5503000689890515,0.878558628275746,0.3563082869570528,1895.jpg,1895,urban
19,2.995732273553991,0.25834309895833335,0.061749760142543866,0.0886195614058806,2.1988855114242307,0.9690690104166667,0.45925596089466436,0.3047688802083333,0.10950286,0.2219297575024607,0.5503430042505645,0.8250858027946089,0.24116230522761076,1896.jpg,1896,urban
58,4.07753744390572,0.37846028645833335,0.018798491379310344,0.05694207563329705,2.67776481386868,0.9278483072916667,0.5495363960011237,0.09887044270833334,0.048711024,0.27587302835606325,0.5040738991437959,0.8935362973581288,0.30165634647790746,1910.jpg,1910,urban
22,3.1354942159291497,0.3555989583333333,0.040820460464015156,0.08829754147616552,1.6763039926255225,0.8661165364583333,0.614359498147558,0.08314127604166667,0.036936685,0.21796286752603003,0.45260865526516464,0.6970292175500996,0.2491569786745078,1911.jpg,1911,urban
35,3.58351893845611,0.310029296875,0.022237258184523816,0.05510311983193703,1.8971246781896314,0.6757161458333333,0.46326914051914625,0.118603515625,0.04780146,0.24104730573199426,0.437078303391233,0.8661360900674869,0.27298804190190046,1912.jpg,1912,urban
23,3.1780538303479458,0.3568033854166667,0.041783146512681155,0.09118624859113153,1.701571303525107,0.8908235677083334,0.502971959928806,0.11890950520833334,0.048402425,0.23196853710065035,0.4762393259658077,0.8433507360876418,0.2777264383021819,1926.jpg,1926,urban
23,3.1780538303479458,0.30771683673469385,0.051252911490683235,0.09412294525240733,1.985003822791258,0.9608641581632653,0.5513628909015102,0.1495280612244898,0.059519507,0.29093482141040805,0.6013399501491257,0.8415188826718584,0.3399239736964989,1934.jpg,1934,urban
32,3.4965075614664802,0.49883651551312647,0.04892228520286396,0.10813955284698608,2.5722285014339334,0.9282592482100238,0.5182935533675339,0.06761634844868734,0.04279321,0.23139886273953442,0.5127948875323433,0.8627917118928493,0.41594753155205516,1937.jpg,1937,urban
49,3.912023005428146,0.32635091145833334,0.017460871067176875,0.053377994962345764,2.0924935429891764,0.8036686197916667,0.5473048307327384,0.155556640625,0.07243208,0.30013931337914346,0.5660797857693107,0.8559919970227559,0.4598657997883613,1943.jpg,1943,urban
44,3.8066624897703196,0.2677734375,0.020702977035984848,0.05527408349227763,2.069215298538706,0.8227180989583334,0.6142071565012456,0.191357421875,0.070827566,0.23200622674364316,0.49389326183071613,0.7927456031458748,0.24585452164577026,198.jpg,198,urban
61,4.127134385045092,0.2720030737704918,0.019653834894613583,0.04695895703175243,3.182953858763351,0.9355862119437939,0.4809994532420272,0.1527407786885246,0.061792765,0.26596322925807214,0.5790657473724545,0.8557116805368326,0.4696671602582127,20.jpg,20,urban
29,3.4011973816621555,0.409557535046729,0.03219112552368676,0.07810751561191616,1.9654030053364653,0.8278146904205608,0.4415803598900264,0.29823671144859815,0.18039095,0.25995814414929763,0.37523633462936123,0.8711167489666759,0.28132670230367657,211.jpg,211,urban
86,4.465908118654584,0.17453125,0.009514216933139535,0.025808726879276225,2.7488259265581236,0.6421256510416666,0.4817017124541395,0.22816080729166666,0.10567461,0.2776071833852148,0.6220793866562786,0.8799089454783248,0.27804693736365643,213.jpg,213,urban
35,3.58351893845611,0.280400390625,0.035726934523809525,0.05568883617563684,3.100921096037587,0.8343717447916666,0.5413228557883798,0.1981640625,0.06969825,0.27791903026261716,0.5068836119634327,0.7737652812280682,0.3415260717184148,215.jpg,215,urban
33,3.5263605246161616,0.43162434895833335,0.03481248027146465,0.08721160924707332,2.0840262881321077,0.9547526041666666,0.43330323371797297,0.09949544270833334,0.047603343,0.26732697583189374,0.578854832019829,0.8396793977937873,0.4229497802239286,221.jpg,221,urban
19,2.995732273553991,0.536982421875,0.06969401041666667,0.1338797487271141,1.9037905121675271,0.9705794270833333,0.5160510371605977,0.132568359375,0.042067684,0.24490179694884298,0.5331615465139079,0.8014920792036047,0.5375254521570351,23.jpg,23,urban
37,3.6375861597263857,0.34291666666666665,0.029523507882882882,0.059330154750409904,2.756215146108532,0.9027115885416667,0.46910421914309053,0.143974609375,0.049021944,0.20309777678490432,0.5398507371491899,0.7996558477578061,0.1541464186014048,231.jpg,231,urban
30,3.4339872044851463,0.31845703125,0.030196180555555563,0.06397034333540168,2.085336934243349,0.8639029947916667,0.49225605197333777,0.12472005208333334,0.059723552,0.2794645131028535,0.4758104232354217,0.7542462747315842,0.33928738697077465,238.jpg,238,urban
26,3.295836866004329,0.4468603286384977,0.052260800379198266,0.11176615040830228,2.223269580003586,0.9157350352112676,0.4349577514389775,0.09403242370892019,0.036755774,0.3536208970277042,0.5199591153457257,0.8260251639064098,0.32140152467026906,239.jpg,239,urban
17,2.8903717578961645,0.38186848958333336,0.05518688725490196,0.11783442141311881,1.458051348658298,0.9131315104166666,0.6004204426524058,0.05539713541666667,0.028527625,0.08833950659065302,0.4758345712454539,0.7476710375814215,0.29427266469854085,241.jpg,241,urban
27,3.332204510175204,0.31865885416666667,0.03371371045524691,0.07027688730029878,1.9930155486643084,0.7732682291666667,0.5657262418107925,0.12649739583333333,0.061238945,0.31072428381654743,0.48995648096725114,0.8113312723273175,0.2316359226289658,251.jpg,251,urban
35,3.58351893845611,0.33796616022099446,0.018550956985003947,0.05621965008375629,1.6112442327670924,0.5632294544198895,0.4957071962167191,0.2074499309392265,0.07769514,0.23207236691351482,0.6329092587372216,0.9085922293732758,0.1297616006794837,252.jpg,252,urban
36,3.6109179126442243,0.22360272988505747,0.024359235312899106,0.052885044960963974,2.177150203190609,0.8325287356321839,0.46188135787550655,0.10988505747126437,0.053015694,0.25621602753288947,0.4981539767169712,0.8005208089557129,0.18516589942004424,253.jpg,253,urban
40,3.713572066704308,0.41823893229166664,0.031378336588541667,0.07820029942868845,2.474623131858969,0.9576953125,0.48684294950980345,0.18562825520833334,0.084175155,0.25841340289962733,0.5850749489915483,0.8512622842111602,0.4622710123312799,256.jpg,256,urban
16,2.833213344056216,0.43035807291666667,0.06711954752604167,0.11975610356556261,1.7249433143447104,0.9638151041666667,0.511279591939702,0.165009765625,0.072486065,0.25265872647236143,0.4797712935917803,0.7700015735960652,0.5145574265051206,263.jpg,263,urban
50,3.9318256327243257,0.25926313449038046,0.02227690657738134,0.055111470474451564,2.710748268911233,0.8771040688473561,0.4989416430362936,0.21204174786486876,0.12898031,0.3088017799088534,0.5758242497530004,0.8122983089405102,0.5269392019416262,273.jpg,273,urban
50,3.9318256327243257,0.4552864583333333,0.02606223958333333,0.07224571546616856,2.8630410854918327,0.9053352864583334,0.41102897167517105,0.22328450520833334,0.09290757,0.30592109945034235,0.5449137535773216,0.817365847415742,0.4936529019317966,278.jpg,278,urban
27,3.332204510175204,0.2578938802083333,0.02102997202932099,0.05007654419071124,1.4585525412942733,0.44111002604166666,0.40375433386076054,0.2919108072916667,0.18369071,0.26316845775494,0.48568640328383417,0.8083628926716716,0.21270389163424386,279.jpg,279,urban
35,3.58351893845611,0.170625,0.02124925595238095,0.03884181652802462,2.179362448011976,0.5743489583333333,0.48586810562735916,0.17740234375,0.10953245,0.34804765679921007,0.5352079973728995,0.8267595193602995,0.25271577482122765,280.jpg,280,urban
43,3.784189633918261,0.3144759114583333,0.024574400436046515,0.05370327706125073,2.6804205606246847,0.8109798177083334,0.49414510794876987,0.16629231770833333,0.061840758,0.3216714136174363,0.5620708396681513,0.8363750201162993,0.43443135811437666,282.jpg,282,urban
21,3.091042453358316,0.36588216145833335,0.05506494915674603,0.10107222021292606,2.0568943743162795,0.983701171875,0.45570592040444013,0.16674479166666667,0.07257194,0.28935139387358827,0.5718386743943468,0.7809558935366774,0.24574347798605647,283.jpg,283,urban
30,3.4339872044851463,0.20704427083333332,0.028580729166666666,0.052034965055813114,2.1685838330775753,0.6911067708333334,0.4794387629844151,0.21342447916666665,0.08753866,0.28885367222047864,0.4779844144321814,0.8458253177467285,0.20266076177171208,286.jpg,286,urban
40,3.713572066704308,0.2737997658079625,0.023820989461358317,0.0498530596067028,2.508533697668262,0.8104398419203747,0.43765005663801904,0.144115925058548,0.06860286,0.23672033589364636,0.4905668266998807,0.8112472816877017,0.12930519712626617,295.jpg,295,urban
33,3.5263605246161616,0.3721091920374707,0.03321135831381733,0.08697804338452195,1.9664852041617111,0.9422753220140515,0.5108713767132844,0.13536665690866512,0.04045962,0.28191912822858756,0.5616582934537285,0.8271942754304399,0.39259584843931045,298.jpg,298,urban
46,3.8501476017100584,0.218932962529274,0.023781946848589756,0.04445095691135002,2.97305409487555,0.9387843969555035,0.5646581451510811,0.1543728044496487,0.056363083,0.25077935518854133,0.5220272721689652,0.8496048387182248,0.4048955054497842,299.jpg,299,urban
46,3.8501476017100584,0.26494072014051523,0.025256465736686693,0.05012277279219876,2.9949348301726104,0.9304815573770492,0.5255934729287703,0.08212090163934427,0.039912924,0.19937132181296657,0.5317948424764614,0.7944882662127306,0.2283034604912043,300.jpg,300,urban
39,3.6888794541139363,0.3905481557377049,0.027561944544526505,0.07319380511193928,2.245487006977996,0.914702868852459,0.49468619876581854,0.13185011709601874,0.054381635,0.21956902328969685,0.38027053569223146,0.7502084667246912,0.2331174599413076,301.jpg,301,urban
20,3.044522437723423,0.32120535714285714,0.04669496487119438,0.09279459486303392,1.6185414487310108,0.9124194964871194,0.4872775100005663,0.06669350117096019,0.02975179,0.2462307482508921,0.5802047807301955,0.8056049050825956,0.45434870562271934,302.jpg,302,urban
16,2.833213344056216,0.4954524739583333,0.0609613037109375,0.13355376840270652,1.303841523462446,0.93833984375,0.5497883909877458,0.17133138020833333,0.058681786,0.1814819518657934,0.5734062319031914,0.8652852856216247,0.503399563855199,305.jpg,305,urban
41,3.7376696182833684,0.32440354215456674,0.026897723053635688,0.05837573083238796,2.697888779086712,0.8147906908665106,0.43883516589140337,0.15590603044496487,0.073119976,0.3102059913450538,0.48906815523125335,0.8286292624951793,0.3943089830517675,307.jpg,307,urban
15,2.772588722239781,0.5048014322916666,0.08206380208333332,0.16258084253049612,1.2750434318245336,0.92546875,0.6470369892241477,0.026253255208333333,0.014475074,0.13571148715947323,0.5661883887027775,0.8012639823612636,0.4922097175943588,314.jpg,314,urban
43,3.784189633918261,0.2735514322916667,0.02374227834302325,0.052024137900773725,2.51139172006472,0.9046451822916667,0.5125081646386407,0.15322265625,0.049701992,0.25659563541039043,0.5349529864996678,0.8520006160187609,0.3516832921898296,316.jpg,316,urban
41,3.7376696182833684,0.185419921875,0.02705649771341463,0.050157992105484134,2.7792107152384027,0.74419921875,0.5950719626913343,0.199736328125,0.06760887,0.30246419369134336,0.460660346224456,0.8558201115916433,0.42748964140940604,319.jpg,319,urban
16,2.833213344056216,0.368115234375,0.07461649576822917,0.10711820935099264,2.002329549175671,0.95525390625,0.5261353336808264,0.19760416666666666,0.09708243,0.25750312351385857,0.5389418973982292,0.8324054885403351,0.17653719315315264,320.jpg,320,urban
28,3.367295829986474,0.37307942708333336,0.03792410714285714,0.07586818279999022,2.2146037478129728,0.88013671875,0.572585791374249,0.06135091145833333,0.033946462,0.2908371464696163,0.5119354964015639,0.7813861324802324,0.24102593816940857,323.jpg,323,urban
40,3.713572066704308,0.39820817025440314,0.039388071795499024,0.09216146269222428,2.7217358242279586,0.9639799412915852,0.5060870848757452,0.16265900195694716,0.07110656,0.20459452866919112,0.5677070602262895,0.8295441059808335,0.5129859833825303,330.jpg,330,urban
36,3.6109179126442243,0.20881849315068493,0.02054301886279626,0.043971458453725805,1.9404669094893259,0.5730369373776908,0.41200337762404227,0.24089713796477494,0.11594455,0.23304960867271957,0.537443024752283,0.8526866706986215,0.2772524613458261,331.jpg,331,urban
43,3.784189633918261,0.3452788649706458,0.0308828590770491,0.07574630796497311,2.724047147238596,0.8543664383561644,0.44325114890552575,0.19256665851272015,0.08186568,0.262721816596581,0.5442338626062464,0.8775571040556558,0.3538933209932645,332.jpg,332,urban
50,3.9318256327243257,0.31548228922716626,0.015291642271662765,0.05307450740409958,1.718050213772313,0.727202868852459,0.5103264941704444,0.1292447306791569,0.051291324,0.21643755125315417,0.47602389717280275,0.851788025620543,0.27419394831831667,336.jpg,336,urban
40,3.713572066704308,0.34934561965811967,0.02577515691773504,0.07269565068805682,2.060194910699172,0.7831396901709402,0.4508564058215776,0.0829193376068376,0.041333318,0.2983038903131022,0.5287657210870494,0.845341727377229,0.4574316203446858,341.jpg,341,urban
49,3.912023005428146,0.3033628512880562,0.017542297949624815,0.04381520939120075,2.4584925717087605,0.7713700234192038,0.5183887086698239,0.2477568793911007,0.10609825,0.2562393017575108,0.49095314001619245,0.8392546502475082,0.1532518334062157,344.jpg,344,urban
38,3.6635616461296463,0.20594994145199064,0.02375749183409343,0.038506898208679294,2.6205301679754283,0.7918618266978923,0.5159207065661053,0.23155737704918034,0.10156493,0.2734907524347137,0.4730564687111394,0.8507207753696935,0.21784821957924272,345.jpg,345,urban
64,4.174387269895637,0.2222226288056206,0.01022857737485363,0.029604866661731885,2.1067412087262323,0.5553717798594848,0.48090051878254925,0.1540800644028103,0.07762822,0.23891072750260767,0.5191155649058845,0.8275708133920506,0.29045469667077123,346.jpg,346,urban
37,3.6375861597263857,0.4073828125,0.02386657164977478,0.07088854203942901,1.808738069192225,0.8404036458333334,0.5018098897701412,0.09236328125,0.04609317,0.16647734653981314,0.4290854598778691,0.860438554998812,0.4339057419242474,347.jpg,347,urban
20,3.044522437723423,0.301826171875,0.05966324869791667,0.08332261918476583,2.322518363593517,0.84119140625,0.45986171044259583,0.22103841145833333,0.09861594,0.2959396435140965,0.44128378483757114,0.6900142386171615,0.3186287755155858,348.jpg,348,urban
25,3.258096538021482,0.18607096354166666,0.033739973958333336,0.05383421250892057,2.0215547786314043,0.8175651041666666,0.58997116853021,0.2629296875,0.13450831,0.2471019226300028,0.5535443716063133,0.7756402604527394,0.2945814756946436,359.jpg,359,urban
43,3.784189633918261,0.27708211358313817,0.022968945727356898,0.054536468932217405,2.436429137769567,0.8695513758782202,0.42430516687402,0.1604764344262295,0.059960116,0.21095893090996068,0.4801794303932051,0.8037330225866955,0.3625197763485411,36.jpg,36,urban
58,4.07753744390572,0.2790397135416667,0.015456571030890804,0.042598131144554345,2.4071347794535094,0.678798828125,0.45734213374056487,0.20826497395833332,0.11204404,0.19287298957730417,0.5632679791667677,0.830730653289162,0.40062245870382657,360.jpg,360,urban
47,3.871201010907891,0.299931640625,0.027611438940602844,0.06522353282654961,2.7218666422159252,0.9450065104166666,0.5811108931165923,0.09977213541666667,0.044831175,0.31586023912552946,0.5458801545791292,0.8983534868245348,0.43463453520532025,369.jpg,369,urban
18,2.9444389791664403,0.5493084016393442,0.052169732305490504,0.1374982778606964,1.135329029969553,0.9307669789227166,0.5533503551636321,0.1791203161592506,0.052217886,0.31261949007240303,0.5606973008855677,0.8566147458283199,0.33545502987348047,37.jpg,37,urban
28,3.367295829986474,0.34855794270833335,0.03414376395089285,0.06858309770547132,2.1774294691827505,0.8259700520833333,0.49890210951434155,0.20543619791666667,0.09413908,0.243108854944367,0.48965071954407796,0.8512703344085896,0.1323291233221832,371.jpg,371,urban
30,3.4339872044851463,0.23486328125,0.02311404079861111,0.049170161498288394,1.7657189200593637,0.6386686197916667,0.5638068399858897,0.23145182291666666,0.09244139,0.32191242288875466,0.5427748672472359,0.7997428735808068,0.15317377410405905,372.jpg,372,urban
26,3.295836866004329,0.3189755721830986,0.03537716684723727,0.08026345981576594,1.6978741442247556,0.8536971830985915,0.47344216655359794,0.12657900528169014,0.046417393,0.3142501147238295,0.4719634590513696,0.8617223192577925,0.4117050927216466,374.jpg,374,urban
58,4.07753744390572,0.29572599531615923,0.0195944036178632,0.047080149398364864,3.0407376545651386,0.833818793911007,0.44650736712719885,0.11311475409836065,0.05429576,0.2604477306809403,0.5542835520119596,0.8647533894674264,0.2682165984335336,378.jpg,378,urban
51,3.9512437185814275,0.2425204918032787,0.02375341530054645,0.053222888526284255,2.959759068192455,0.8796216334894613,0.5305703489525808,0.12305693793911007,0.056096237,0.2867011171933986,0.5458018893377006,0.86127822070019,0.24423653613986165,380.jpg,380,urban
44,3.8066624897703196,0.2653352864583333,0.02908883759469697,0.060246431088790756,2.8568064519415866,0.9245963541666666,0.4531549057873735,0.25078450520833334,0.094563425,0.2797489922595721,0.5058436490534522,0.8763360793601981,0.39488714475627873,386.jpg,386,urban
29,3.4011973816621555,0.5140397135416667,0.02491985452586207,0.09271423159650169,1.2755260488233384,0.565546875,0.4496084541965025,0.17343424479166666,0.074898,0.26359235120415864,0.5733224518758534,0.884668403243998,0.367528816079776,390.jpg,390,urban
23,3.1780538303479458,0.196826171875,0.028651777626811595,0.050963221365015,1.6831114170948764,0.6013899739583334,0.5975886899532785,0.3022591145833333,0.15644832,0.2562408786616916,0.4900261138625355,0.7857441595603234,0.1016635640373655,395.jpg,395,urban
49,3.912023005428146,0.3204397181628392,0.03383563759533041,0.06316553540620361,3.7626280394880682,0.9239757306889352,0.4381377380659355,0.24058911795407098,0.13123459,0.3258436924734948,0.5311955954534109,0.878134134904128,0.5422766215423609,396.jpg,396,urban
48,3.8918202981106265,0.3921922782874618,0.027908384301732928,0.07511478229896693,2.7440149855986147,0.9142058486238532,0.4691255767856052,0.1861381880733945,0.07017139,0.27276424854345727,0.566995731283276,0.8424400407509756,0.41627896084936156,397.jpg,397,urban
34,3.5553480614894135,0.31601888020833335,0.03496170343137255,0.06978998333024311,2.5663200683201026,0.931376953125,0.5364970189786935,0.12383138020833333,0.050932497,0.32210602281075423,0.4892521093798835,0.7633342566611391,0.49889111550469717,399.jpg,399,urban
27,3.332204510175204,0.37119466145833335,0.04199049961419754,0.07981520602784621,2.264434598060139,0.8986165364583333,0.5533683178035725,0.13384114583333334,0.048758328,0.16711352861306975,0.4981436865543483,0.8202139593974218,0.28178163050392974,40.jpg,40,urban
43,3.784189633918261,0.371962890625,0.025490249515503872,0.07031772202571027,2.2186879056136144,0.9417903645833333,0.4533018251897317,0.16535807291666665,0.06567809,0.3030643481246954,0.5173197272486503,0.8047579204831169,0.4485023877990322,400.jpg,400,urban
30,3.4339872044851463,0.33472330729166666,0.04371202256944443,0.07846373495830335,2.7512804735747514,0.696318359375,0.4798649846046348,0.2727278645833333,0.12514983,0.216745347608527,0.5971361899808155,0.8553169402043983,0.26636488420059057,402.jpg,402,urban
33,3.5263605246161616,0.356513671875,0.02844213620580808,0.07598586964003752,1.8056833814446653,0.9073600260416667,0.5748474176808467,0.07349934895833334,0.038361013,0.3307799253788941,0.5520935206174327,0.8140291487202824,0.21742295678289633,403.jpg,403,urban
20,3.044522437723423,0.18678059895833332,0.03976741536458333,0.0574105725985307,1.8134767154267,0.596640625,0.5808760809258036,0.23232747395833334,0.11367238,0.29399381282167203,0.47046789373944675,0.7403674329901632,0.28353960159095265,404.jpg,404,urban
20,3.044522437723423,0.25459235948477754,0.061522248243559716,0.0738026670750691,2.606264431998346,0.8449941451990632,0.4916602237220612,0.05579259367681499,0.030615453,0.239198834411871,0.45280978306051745,0.7866725463599256,0.05253810255522822,41.jpg,41,urban
31,3.4657359027997265,0.4007877604166667,0.03605038222446237,0.07659250733679067,2.4015640351876333,0.9481705729166666,0.44779439161321866,0.14933268229166666,0.05153965,0.2667235258168211,0.5091532265822595,0.7935432843137915,0.3436440487443675,410.jpg,410,urban
36,3.6109179126442243,0.31170572916666667,0.028241825810185188,0.056905399002245935,2.546547984008929,0.8857845052083333,0.5312876727611406,0.183330078125,0.06409136,0.23661640586870583,0.5421851550212797,0.8102925816910966,0.30354779923351677,411.jpg,411,urban
26,3.295836866004329,0.46019856770833334,0.03917042267628205,0.11980392510264007,1.2217129693578075,0.9298470052083333,0.5437058328314079,0.13332682291666667,0.050787654,0.12988307476638014,0.4855087577742259,0.7840330588751003,0.31996362266790107,417.jpg,417,urban
21,3.091042453358316,0.5474348958333334,0.04172820560515873,0.11679703185846312,1.2722052028054969,0.8187727864583333,0.5109041330253985,0.13203450520833335,0.05647097,0.16381868661618254,0.3851204022498287,0.7666507910998657,0.5267753796359961,418.jpg,418,urban
24,3.2188758248682006,0.4325929449648712,0.04153813548985168,0.1017503766647028,1.6075921589001596,0.9470616217798595,0.6044438579361344,0.08432742974238876,0.039224446,0.1851170198749423,0.4943041170794061,0.8178949549851624,0.38569767219511436,42.jpg,42,urban
54,4.007333185232471,0.38659830729166667,0.023625397858796297,0.06380896743051816,3.0193522313417516,0.9711197916666666,0.5158492912521877,0.08212565104166666,0.04528301,0.2592888055253488,0.47240584900576393,0.8909572937267392,0.5277992836574009,420.jpg,420,urban
26,3.295836866004329,0.405615234375,0.051017753405448715,0.1015495217560467,2.2913173426502844,0.93517578125,0.5767866046962233,0.08971354166666666,0.038788814,0.2502271769186871,0.5822022083122783,0.8517787480580223,0.4202794774229264,421.jpg,421,urban
25,3.258096538021482,0.30669921875,0.03763645833333333,0.06196715940567182,2.294659097860308,0.7536555989583333,0.5126919999885247,0.26100260416666665,0.11308527,0.26276876557588796,0.46459948802408446,0.853876830315602,0.3380287541535178,423.jpg,423,urban
44,3.8066624897703196,0.20525390625,0.023577252012310604,0.05151926979705703,2.5172840176271327,0.8070377604166666,0.49802986359551404,0.2167578125,0.08477706,0.2689709696408256,0.5101086377576802,0.8080004005682481,0.20901059911207168,424.jpg,424,urban
29,3.4011973816621555,0.32201171875,0.037954157686781606,0.07614788840932656,2.3107077982312316,0.92681640625,0.49700479332624825,0.13552408854166667,0.06751025,0.32839615019090074,0.45323073393970736,0.7769248916941899,0.41290271277424173,426.jpg,426,urban
24,3.2188758248682006,0.24925130208333332,0.04164903428819444,0.06288651357789857,2.3331109452818817,0.7946158854166666,0.5170079482181633,0.28626953125,0.16151616,0.29643793236161214,0.4454844887298926,0.7183700667341013,0.3160143777125938,427.jpg,427,urban
37,3.6375861597263857,0.21185872395833333,0.018806042370495497,0.04136971869142936,1.9005704965691284,0.6722135416666667,0.4415850921180374,0.30486328125,0.16723302,0.2814582817232805,0.44655511470041537,0.7843726134807355,0.1769549204738303,428.jpg,428,urban
37,3.6375861597263857,0.5054998536299766,0.02887623425533262,0.0906958168228837,1.7753575763622045,0.9682157494145199,0.539773790765696,0.059532347775175645,0.03777475,0.2648082535471869,0.6550811618189986,0.8707118457532292,0.43746833971193705,43.jpg,43,urban
25,3.258096538021482,0.306630859375,0.03948580729166667,0.07505606488560533,2.0815971269952116,0.91685546875,0.6485969271444512,0.16070963541666666,0.08557795,0.2443000255224625,0.5262551210328474,0.9128633418714199,0.2354454516219094,432.jpg,432,urban
51,3.9512437185814275,0.2928548177083333,0.026037709354575167,0.05770369921606852,3.083704743900904,0.7796549479166667,0.5410184521029786,0.168125,0.07630067,0.22029075937453832,0.5453413295691969,0.8037589643168627,0.38823379863262675,433.jpg,433,urban
43,3.784189633918261,0.209052734375,0.026238114704457364,0.05005585101109922,2.846547808785555,0.8986979166666667,0.44930248719292154,0.14650390625,0.06362368,0.2764696122373422,0.5261436646803931,0.79660392381491,0.23861692159270076,437.jpg,437,urban
33,3.5263605246161616,0.427197265625,0.032723228377525254,0.09363314385303989,1.8349009374941616,0.96119140625,0.6178553379264873,0.21120442708333334,0.08796494,0.257942251951195,0.5720915729736245,0.7837724759839987,0.33310207761785654,438.jpg,438,urban
21,3.091042453358316,0.27500325520833335,0.047266400049603176,0.07300896176016655,2.137725882154206,0.841357421875,0.5184161033250849,0.29025716145833336,0.19617268,0.2483168167330645,0.4808201839553658,0.7454344091001875,0.26795402491104375,441.jpg,441,urban
18,2.9444389791664403,0.17524088541666666,0.04662543402777777,0.062351419110587135,1.897123783772991,0.8030598958333334,0.6421549226330994,0.182099609375,0.13564919,0.3504656589405378,0.5223744457363897,0.8144960090364651,0.1513075423318998,446.jpg,446,urban
21,3.091042453358316,0.32021735948477753,0.05836609233857477,0.09065484449795029,2.321803952788047,0.9222336065573771,0.5770752590614745,0.16582991803278688,0.06913473,0.2357727040581829,0.4121752329335142,0.8024057137916233,0.31203755098395947,450.jpg,450,urban
25,3.258096538021482,0.3209748243559719,0.04025278103044497,0.08526529331431923,1.9356198381481016,0.9463224531615925,0.5810840582767423,0.11387953747072599,0.038840163,0.2408386762882679,0.5072207576476214,0.8241665825888264,0.2319678968008065,457.jpg,457,urban
27,3.332204510175204,0.3744913641686183,0.04151216497527973,0.08374694894343016,2.329394940153597,0.9391503220140516,0.5901309216875363,0.06735582552693209,0.032368768,0.28002471243099447,0.5565201197392806,0.8512533161442724,0.2576744441711328,461.jpg,461,urban
39,3.6888794541139363,0.231259765625,0.03015583266559829,0.05458547622765815,2.8458603976249783,0.9078938802083333,0.5761303383201392,0.097607421875,0.051442023,0.26851619540835153,0.5175105670850296,0.8001511595342119,0.2297254624820604,462.jpg,462,urban
58,4.07753744390572,0.217958984375,0.019583164960488505,0.042574470098663185,3.0413005037777396,0.9023763020833333,0.5767468183116466,0.136630859375,0.06555331,0.2906712589016219,0.6061118057057613,0.9042930197508656,0.41736509257432375,466.jpg,466,urban
27,3.332204510175204,0.362666015625,0.04099307966820987,0.08389552548348626,2.177545856903467,0.9427994791666666,0.5389383184295277,0.04860677083333333,0.030789228,0.3460435356393684,0.4768310392547265,0.7756541275419551,0.32729791556820914,471.jpg,471,urban
28,3.367295829986474,0.2528515625,0.04128789992559523,0.06366746504811527,2.5742481387840366,0.8756901041666667,0.5506869283172042,0.14368489583333333,0.07148522,0.2650165513091388,0.5113494754948924,0.8842803029473602,0.3804822621863435,472.jpg,472,urban
45,3.828641396489095,0.335341796875,0.023245081018518517,0.05558050596185591,2.674185135200068,0.9228125,0.48441186900641564,0.11952473958333333,0.06382178,0.33785908374861817,0.5110689796676927,0.8019106113971298,0.2709193044098483,473.jpg,473,urban
39,3.6888794541139363,0.2534537760416667,0.021309428418803417,0.044601433438521784,2.290408199579933,0.714599609375,0.4961449219647479,0.249326171875,0.124547474,0.31863958458080344,0.5325318173641836,0.8489666483487817,0.27994047976331987,476.jpg,476,urban
40,3.713572066704308,0.38940755208333333,0.025084798177083333,0.06606275297633969,2.228061147280265,0.9023111979166667,0.6161460610252061,0.07131184895833333,0.03817675,0.2794484167613769,0.5573172028469695,0.867644468898599,0.40476822736123313,477.jpg,477,urban
41,3.7376696182833684,0.24096009975062344,0.015510005474119579,0.04128337197747137,1.7767059560873522,0.583572319201995,0.4943804116233459,0.23353725062344138,0.09688454,0.296451125656532,0.5967742973700063,0.8509067748288749,0.3674875581943906,483.jpg,483,urban
53,3.9889840465642745,0.3649827694235589,0.017493025015368608,0.0588355994186152,2.0798005984888572,0.852843045112782,0.518302733632489,0.10007048872180452,0.05639359,0.2960127033227186,0.526510790740175,0.8087746050489687,0.41606933392672923,484.jpg,484,urban
25,3.258096538021482,0.269734375,0.05385187500000001,0.07122912745018328,2.9940913486470455,0.94617578125,0.5217303973373575,0.2455078125,0.09970228,0.24827730894936303,0.49589149834824026,0.8001379132248608,0.3434671932147539,485.jpg,485,urban
70,4.2626798770413155,0.3036050451807229,0.021445155622489956,0.04740782229881551,3.969341783740185,0.9283352158634538,0.5051545913812429,0.1627855170682731,0.07712879,0.27144850920957136,0.5377935735528437,0.8357431075851887,0.38394153800531816,489.jpg,489,urban
31,3.4657359027997265,0.31337565104166665,0.04682039650537635,0.08420570869023061,2.7566146312470776,0.9649772135416667,0.541995549053587,0.07370442708333333,0.04191383,0.26755473829315585,0.5635408477633385,0.7556747193622955,0.5725977029304022,494.jpg,494,urban
36,3.6109179126442243,0.14931640625,0.020321090133101852,0.033902745194847074,2.1947576656563847,0.6589388020833333,0.49303348906536437,0.23719401041666666,0.09690156,0.2037734605874652,0.5361291600059872,0.8127532347488174,0.259166626047715,496.jpg,496,urban
32,3.4965075614664802,0.2831573275862069,0.030540027837643677,0.058494073321419586,2.3078961280751917,0.8837859195402299,0.4790607133072605,0.17438936781609196,0.07276066,0.20688182005882316,0.476772161276113,0.9053413936011705,0.2624169190749018,499.jpg,499,urban
15,2.772588722239781,0.20851236979166668,0.06682335069444445,0.0693201549312476,2.1128611449764882,0.8631119791666667,0.444409287831783,0.11990234375,0.08764576,0.3577986343462467,0.4516724922032951,0.8262089564351848,0.32413863296963824,5.jpg,5,urban
25,3.258096538021482,0.375718896713615,0.037979900234741786,0.0940407581469583,1.661819629266154,0.9011517018779343,0.4290020849569207,0.06394512910798122,0.029276116,0.2082176456602434,0.4916963904380107,0.810183817489621,0.28036217909164035,50.jpg,50,urban
59,4.0943445622221,0.1420777224824356,0.018415023518437663,0.03407892999885467,3.1928255290614715,0.910739900468384,0.5450509064129387,0.2389307669789227,0.08587169,0.1998416424569159,0.5378715672505789,0.821400843392176,0.08946675928841186,500.jpg,500,urban
33,3.5263605246161616,0.254736328125,0.04922733191287879,0.06196266215455268,3.8004584554630645,0.9337272135416667,0.5284145999514881,0.18439778645833332,0.074797876,0.20192473823581208,0.47328454338714815,0.8008410793278986,0.3806596915112744,503.jpg,503,urban
26,3.295836866004329,0.497568359375,0.036447566105769234,0.10093331835579533,1.570121153106955,0.9093815104166667,0.5065518234373226,0.217919921875,0.0731774,0.29405598087591545,0.5164684536944029,0.827107817149959,0.35091776338199815,504.jpg,504,urban
45,3.828641396489095,0.32678059895833333,0.024283058449074076,0.06315554047338927,2.4477264611027856,0.8858235677083334,0.44832886485113754,0.11984700520833333,0.0472241,0.20870505768800413,0.49819187989784625,0.7891761829206577,0.338750764346285,505.jpg,505,urban
29,3.4011973816621555,0.18272135416666666,0.020440126616379308,0.03595727831975541,1.7520839469270033,0.49818359375,0.5783536918780606,0.27731770833333336,0.12818128,0.2083343457808057,0.4937162204109348,0.788900966461089,0.15123919150074713,508.jpg,508,urban
28,3.367295829986474,0.24409396955503512,0.04354024652893944,0.05574088762472898,2.983862892732344,0.9388502634660422,0.5391371105302034,0.16361607142857143,0.056741994,0.19582682616169722,0.4895241738968889,0.7687887940669136,0.16705262275034996,513.jpg,513,urban
17,2.8903717578961645,0.5621321614583333,0.07902516084558824,0.1331140814114011,2.2494949571409073,0.8930891927083333,0.45474369649473434,0.28442057291666667,0.114779405,0.20877162691302537,0.5341323341959874,0.7657993994863311,0.34914920165161706,514.jpg,514,urban
47,3.871201010907891,0.2845657894736842,0.0213927071668533,0.05220843613702202,2.4291335774219487,0.8773421052631579,0.4746654549329239,0.15718092105263157,0.052793477,0.2165491564827756,0.5822831200657452,0.8629317763040407,0.47497436049610536,516.jpg,516,urban
19,2.995732273553991,0.14876317330210773,0.04175474547023296,0.05228708472520615,1.954691101526297,0.760571574941452,0.43293875889665023,0.20775395199063232,0.08632964,0.22155138693272242,0.399484379095432,0.7877860484522365,0.07667213776523558,520.jpg,520,urban
12,2.5649493574615367,0.283125,0.07723334418402777,0.09465269914956395,1.741419643340684,0.891298828125,0.6724952870266712,0.246728515625,0.13937286,0.3092994882450116,0.48841294586933376,0.7224542542607744,0.3222799427334906,521.jpg,521,urban
11,2.4849066497880004,0.49004231770833334,0.05418471827651516,0.1402940088088458,0.6537872447592216,0.5911751302083333,0.5579829859750056,0.16108723958333335,0.050474804,0.1908044649759339,0.46541956648250765,0.7651485405571218,0.26407665636255157,533.jpg,533,urban
28,3.367295829986474,0.3963704427083333,0.0351777576264881,0.09958252180178594,1.5708003539705133,0.9155989583333334,0.566315131441381,0.06590494791666666,0.03507698,0.19640558223713137,0.5676030725761405,0.830578747272617,0.40779500381269224,535.jpg,535,urban
46,3.8501476017100584,0.3835114168618267,0.021938718689542818,0.06375633251208809,2.349604346321087,0.9144613583138174,0.47107785536585245,0.15605971896955503,0.05939984,0.21334107356711482,0.5331799402113594,0.8144921122128924,0.28319347354180174,543.jpg,543,urban
46,3.8501476017100584,0.21678498243559718,0.021826554704205272,0.04417675853921201,2.6582864806564195,0.7009953161592506,0.5130660112824548,0.19401346604215455,0.06789293,0.1931451763519044,0.5340820783998745,0.8230255602052162,0.21932668610054099,55.jpg,55,urban
40,3.713572066704308,0.254125,0.01917610294117647,0.04241202185885929,2.1793230529760312,0.6475772058823529,0.5180536014690686,0.21120220588235294,0.066298105,0.15810852498202452,0.5219740434246873,0.8460096806775725,0.22163789957617155,550.jpg,550,urban
45,3.828641396489095,0.440693359375,0.04008781828703703,0.09413690380983464,3.1485327915563137,0.8743684895833334,0.4584750411153935,0.15625325520833333,0.059948873,0.28557623789599446,0.42648379087523086,0.7718310966782993,0.5648583942455953,553.jpg,553,urban
39,3.6888794541139363,0.4395833333333333,0.03399288862179488,0.08158965968233484,2.6215952162018685,0.948896484375,0.4598393726791248,0.21431966145833334,0.07971331,0.2898918458286154,0.5146015746720907,0.7610891998103446,0.5326784986820938,557.jpg,557,urban
39,3.6888794541139363,0.04920572916666666,0.005691773504273505,0.008607358297377498,0.990975837077187,0.147578125,0.40187727421641917,0.2977473958333333,0.17375568,0.2799087221584485,0.5746698336905153,0.8575382908489096,0.11396312956818626,559.jpg,559,urban
35,3.58351893845611,0.3452611502347418,0.03564312961099932,0.07322155148018272,2.7257818726878993,0.960831132629108,0.5378636220772008,0.11382409037558686,0.0529304,0.2989763602195338,0.5487144294034709,0.7594681906499978,0.49271973772239436,581.jpg,581,urban
27,3.332204510175204,0.27379231770833334,0.02629762249228395,0.058502099714320764,1.7327374616514757,0.6655891927083334,0.5045608996706925,0.222919921875,0.08321181,0.250529013195988,0.5785710289491591,0.8316689424792917,0.31274543797808424,582.jpg,582,urban
30,3.4339872044851463,0.39352864583333336,0.03985937500000001,0.08217400712915462,2.503375543765821,0.95080078125,0.5168760950094734,0.18126302083333334,0.06431337,0.25083305317154897,0.592474844450465,0.816135765079879,0.3466005073447383,583.jpg,583,urban
38,3.6635616461296463,0.39055013020833335,0.0251428008497807,0.06676094180560962,2.1405170578676276,0.8948111979166666,0.5466152361559611,0.09700520833333333,0.0466901,0.31033272228034725,0.49643723814816165,0.8223146556064651,0.23399952025705453,586.jpg,586,urban
38,3.6635616461296463,0.2507537262872629,0.027763180181143918,0.049958709354410734,2.6970599107745494,0.8847222222222222,0.5770774471259722,0.15278201219512194,0.050761353,0.13847221239786678,0.5541039515412237,0.8199062163606579,0.5137495409876928,59.jpg,59,urban
37,3.6375861597263857,0.308876953125,0.02584406672297298,0.06299889683070058,2.177100667116721,0.8491536458333333,0.4780734176993111,0.1373046875,0.061708663,0.22131854117127062,0.5121372999777829,0.8124072744692273,0.30031185986081727,590.jpg,590,urban
57,4.060443010546419,0.3244921875,0.024235026041666666,0.05383541031467212,3.4928803919581943,0.8898209635416666,0.5300013789321946,0.13463216145833334,0.06076613,0.3216430451109571,0.4952449804581728,0.839570604514528,0.5852265285553339,591.jpg,591,urban
38,3.6635616461296463,0.37272786458333335,0.030223667077850874,0.06575487318472725,2.621340075295844,0.9158854166666667,0.5529645164781217,0.08500651041666667,0.050470453,0.2497332578297265,0.5097007513760176,0.8614914256834048,0.14153173452450732,593.jpg,593,urban
37,3.6375861597263857,0.3256705729166667,0.015218186936936934,0.052471462544143595,1.4027354574459918,0.52083984375,0.5192888641221045,0.20347330729166666,0.07193154,0.23421908755329504,0.5827657584725546,0.8416281641439177,0.28647043161475166,598.jpg,598,urban
18,2.9444389791664403,0.3699609375,0.0619996021412037,0.09692730383684542,2.107802426741689,0.9596419270833333,0.4707009530985051,0.20920247395833333,0.09982237,0.21791942424710437,0.5101069032112989,0.7079724050492077,0.37192751290121523,605.jpg,605,urban
23,3.1780538303479458,0.30338216145833335,0.04148890398550724,0.07978761733928416,1.8672571933311575,0.9090852864583333,0.4728766016352832,0.1752734375,0.06461709,0.3457939164406464,0.548382828199409,0.8152605038303707,0.1852772971424285,610.jpg,610,urban
42,3.7612001156935624,0.35838216145833335,0.026505301339285716,0.07370904764766444,2.182730440599161,0.9323860677083333,0.5542407041200782,0.12730794270833334,0.11136319,0.23571494124955664,0.44895103451002416,0.7809436240352791,0.478647376330475,614.jpg,614,urban
49,3.912023005428146,0.3123682669789227,0.020779241146107155,0.05364739095885196,2.5197836037268915,0.7575380562060889,0.5291984353896648,0.2163019613583138,0.13251938,0.26334356624232963,0.49530017371461627,0.8167512099513505,0.2352219275827605,617.jpg,617,urban
13,2.6390573296152584,0.364794921875,0.09068083934294871,0.09761367501292452,2.2143050812256635,0.9313606770833334,0.5007790258628769,0.24146484375,0.15846634,0.3387263279523789,0.4317398997752455,0.6595960926029891,0.33704980000816986,618.jpg,618,urban
48,3.8918202981106265,0.26357421875,0.024198404947916665,0.05667524624798309,2.702590109570798,0.823037109375,0.48504546707145746,0.29053385416666666,0.21449225,0.26142107186586716,0.5162269231815452,0.8232522728545515,0.4173244004157766,622.jpg,622,urban
51,3.9512437185814275,0.30744791666666665,0.026854575163398692,0.04997869118575327,3.682514936870504,0.9556608072916667,0.5305846191976356,0.2519986979166667,0.20465493,0.30001354648324785,0.5044795983066593,0.7529601432085319,0.33967419126380066,631.jpg,631,urban
41,3.7376696182833684,0.35598307291666664,0.0254493775406504,0.06865068817356354,2.2632666464444084,0.9285026041666666,0.5358814211015499,0.19036458333333334,0.107646026,0.29835835604815336,0.5533349270631027,0.7971016558092726,0.2995321617639007,632.jpg,632,urban
69,4.248495242049359,0.35205403645833333,0.01648055366847826,0.05833505915939698,2.3935174452980887,0.942314453125,0.5038177110180864,0.110498046875,0.0892399,0.31671526441852305,0.4900789371040475,0.8436017699697037,0.49152475919664934,633.jpg,633,urban
24,3.2188758248682006,0.2895383522727273,0.04147150213068182,0.08481708903234249,1.9078963304730003,0.6762393465909091,0.4888095468195075,0.17493963068181817,0.09957203,0.2910284773558542,0.5018861748426123,0.8410210165240363,0.18278846122663928,647.jpg,647,urban
57,4.060443010546419,0.189234693877551,0.02088989214106695,0.04015455386653103,3.2451079894938304,0.921890943877551,0.5549427910378815,0.15034438775510203,0.0677596,0.27270996035802997,0.5905123307693596,0.8690194997526381,0.2729121283189467,651.jpg,651,urban
36,3.6109179126442243,0.29986328125,0.022632016782407408,0.06003044791490274,1.8867137633856716,0.781962890625,0.5485719292309901,0.19751302083333333,0.0768107,0.194375735845282,0.5703384278368822,0.8026527405960826,0.1545091183089143,654.jpg,654,urban
28,3.367295829986474,0.32302408854166664,0.03312662760416667,0.07588509235249817,1.816530947667732,0.8644954427083333,0.4418805350427749,0.19688151041666666,0.075704806,0.3037672265803594,0.5240840490282398,0.8514061549400519,0.43429932909012275,662.jpg,662,urban
42,3.7612001156935624,0.386279296875,0.01918061755952381,0.06099515503140991,1.7900208686846981,0.6517643229166666,0.49118896851739746,0.14548828125,0.055754475,0.2084833694240502,0.49321800281924133,0.8757757487547279,0.1900617597605784,664.jpg,664,urban
55,4.02535169073515,0.233623046875,0.020100911458333332,0.03736838626565033,3.2436074892778186,0.8518489583333333,0.555997283123377,0.27487630208333336,0.1397743,0.20166712912921464,0.552755798043782,0.8247479453982388,0.19485603294850976,676.jpg,676,urban
56,4.04305126783455,0.059557291666666665,0.00672514415922619,0.010714757363342901,1.6024134136562413,0.2928515625,0.4825233469299597,0.272294921875,0.14651778,0.24388736986724457,0.5743322571936277,0.839866805559893,0.1473647168446658,683.jpg,683,urban
14,2.70805020110221,0.45080078125,0.0873021298363095,0.14632628579831206,1.671333294475234,0.9727571614583334,0.5428578974091223,0.087509765625,0.046325777,0.3176966371580688,0.5187268539320882,0.9048140426056827,0.3214308620768751,686.jpg,686,urban
39,3.6888794541139363,0.19167317708333334,0.020056507077991455,0.03333321927929121,2.4188427032074373,0.5474934895833333,0.5629956152766586,0.19938802083333335,0.11164863,0.3108111544420642,0.5849902786413214,0.8258329105292402,0.31771402941376375,690.jpg,690,urban
23,3.1780538303479458,0.32978190104166666,0.052807121829710146,0.0836688613408204,2.54646886102848,0.9411848958333333,0.5400283847102578,0.13762369791666668,0.06012061,0.3387717842198592,0.4763415369486301,0.6927433753396424,0.33753595326426417,693.jpg,693,urban
20,3.044522437723423,0.5993052184466019,0.05733935072815534,0.13117170725911914,1.840360658481961,0.9294235436893203,0.5736327309086691,0.04698422330097087,0.022101307,0.1709947753153361,0.4500450272208469,0.7828693583058149,0.514252779905903,7.jpg,7,urban
32,3.4965075614664802,0.4322256455399061,0.040066571302816906,0.08484220740966376,2.5627943359147656,0.919637617370892,0.43525548500415334,0.2226232394366197,0.099779874,0.27393365193318603,0.5182349740894652,0.7847168383347082,0.5220453238941801,701.jpg,701,urban
31,3.4657359027997265,0.28582356770833334,0.045950835853494625,0.07292218845797499,2.999875081278176,0.9029817708333333,0.4429037574018089,0.216923828125,0.11426323,0.2864897169563623,0.5100928713758415,0.8275958206352405,0.4812105238621906,704.jpg,704,urban
26,3.295836866004329,0.19502707845433256,0.03283304809944154,0.05726359169167632,1.9531652643163946,0.7934609192037471,0.4135841341776003,0.07199941451990632,0.039537232,0.21176700406663887,0.5064969947370711,0.8740180355817377,0.27560111414571437,71.jpg,71,urban
25,3.258096538021482,0.22039388020833334,0.03450221354166666,0.05522871370858643,2.079972709932778,0.756640625,0.5215628212380934,0.18532877604166667,0.0990714,0.32097092129870564,0.5061578842974146,0.8156852426397593,0.1770183097169852,713.jpg,713,urban
27,3.332204510175204,0.331279296875,0.03825834297839506,0.08401198983016515,2.036960791698325,0.9464453125,0.5723831257241501,0.226806640625,0.088138685,0.16835377768585422,0.5267358209724295,0.8014189917595377,0.6026576985901483,728.jpg,728,urban
27,3.332204510175204,0.34130533854166667,0.03802191840277777,0.08696800260793425,1.888007434150888,0.8687044270833333,0.44883633492805286,0.19430013020833334,0.066973604,0.2637318205342763,0.5201477594329541,0.8916467481971823,0.34204575688122124,73.jpg,73,urban
64,4.174387269895637,0.3026398227383863,0.021436919792940098,0.04542941356301937,3.862182131546094,0.9119460574572127,0.44424972956566067,0.1274526283618582,0.052748684,0.16103132083818386,0.5544423680670291,0.8190113527476093,0.3956634850551433,731.jpg,731,urban
30,3.4339872044851463,0.3876026119402985,0.03171610696517412,0.0904327342668939,1.6009160128290374,0.9142957089552238,0.525687869985659,0.04323227611940299,0.026011653,0.22019236481114385,0.5654642786137464,0.8492296914899695,0.4416649034727265,741.jpg,741,urban
23,3.1780538303479458,0.389072265625,0.05456139605978261,0.10292857859538562,2.1104239283175956,0.8157877604166667,0.532706345333087,0.34551432291666667,0.21623214,0.21266606243560393,0.6177789261502945,0.8283605442723813,0.27267815316768457,743.jpg,743,urban
28,3.367295829986474,0.42979817708333334,0.03332135881696429,0.08536545329601351,1.7356051145024676,0.867099609375,0.3977297083043555,0.1263671875,0.057256695,0.1595419918135747,0.5586510428195938,0.8326414480450969,0.20131613083436328,746.jpg,746,urban
33,3.5263605246161616,0.256552734375,0.04365116003787879,0.07021328136349228,3.0961779089241226,0.9403450520833333,0.5565428000869788,0.17023763020833332,0.06752042,0.27890569996888814,0.4776125609179018,0.8298468410569301,0.26205817137402326,748.jpg,748,urban
36,3.6109179126442243,0.28193155452436197,0.02109304508249549,0.06224650267263492,1.6132948500560473,0.7036144141531323,0.47667274473474563,0.19150232018561486,0.06338718,0.19200706851709018,0.5198197746303052,0.8363009706092603,0.3118868739572845,750.jpg,750,urban
39,3.6888794541139363,0.4104300902061856,0.027934075964842726,0.07339370680734685,2.289760640948845,0.7443137886597938,0.5102906280679013,0.15128865979381442,0.05325469,0.2231277973918805,0.5302736705619059,0.8325584696833498,0.29470444742104496,761.jpg,761,urban
53,3.9889840465642745,0.31420572916666667,0.01650924970518868,0.049811117894036035,2.1903599768030175,0.8137923177083334,0.5370880632054902,0.24160807291666667,0.13289224,0.33125254881456045,0.5121529245135428,0.8584122130831671,0.4694505813863487,762.jpg,762,urban
34,3.5553480614894135,0.2811290634674923,0.04076258309051174,0.06901342147835007,2.9252136440294465,0.9745404411764705,0.5042259131224034,0.0794359520123839,0.030919604,0.09191373115463508,0.5385136847167195,0.8632615650484349,0.179312976723886,772.jpg,772,urban
18,2.9444389791664403,0.534990234375,0.061731951678240735,0.12131432408475053,1.9260606637884432,0.9059602864583334,0.5310577428289919,0.03850260416666667,0.020350983,0.24715032077121876,0.5643895174607062,0.8526796815545331,0.23229851392356973,780.jpg,780,urban
82,4.418840607796598,0.2868774736147757,0.012937759427891113,0.03511915125475833,3.204507173142129,0.8323012862796834,0.47245424171763795,0.15804337071240104,0.087680645,0.3352689651932913,0.5953861439071437,0.860074384091643,0.3305849757609276,782.jpg,782,urban
28,3.367295829986474,0.40744466145833336,0.0325634765625,0.10202718343628354,1.2895806517058452,0.85412109375,0.477159921509014,0.08995442708333333,0.037588242,0.16670899422470128,0.596429233945367,0.8117700376546348,0.4167159027658611,787.jpg,787,urban
40,3.713572066704308,0.4064570393374741,0.03252264492753623,0.07650552024402607,2.69602186619684,0.8641886645962733,0.45828768584075363,0.10636969461697722,0.061144043,0.28049692162029216,0.5279524395862588,0.8302858143715725,0.40353083427009445,789.jpg,789,urban
36,3.6109179126442243,0.45236653645833336,0.03436930338541667,0.08147436279425024,2.5631890577155434,0.9481803385416666,0.5845140671508615,0.13648111979166666,0.05706179,0.1693347020304609,0.5794000945901123,0.8456297255960792,0.2613789080793953,790.jpg,790,urban
37,3.6375861597263857,0.46278651385927505,0.0363386374113986,0.0890985746282282,2.705312471613532,0.9640091950959488,0.4207836078344308,0.08759661513859275,0.036602076,0.32377094893889796,0.5176821980177596,0.8014171923272905,0.6617581904448401,792.jpg,792,urban
56,4.04305126783455,0.3279296875,0.019067224279626625,0.05499903078733683,2.569923822794088,0.8669611150568182,0.5500759006310071,0.1300381747159091,0.0715999,0.2455650667836121,0.4943122099681146,0.8233732918556751,0.3677908292430813,795.jpg,795,urban
37,3.6375861597263857,0.3300241510538642,0.028175735014874366,0.06718330778348666,2.257765487627418,0.8731923302107728,0.4491636238389881,0.12171033372365339,0.055506323,0.27328029651359587,0.4610550261300197,0.7664108933649934,0.2095234938529449,803.jpg,803,urban
48,3.8918202981106265,0.45367127249357325,0.022977586760925445,0.07841269415946495,2.0765873195442826,0.9246023457583548,0.5139077324629877,0.16294987146529563,0.06808094,0.1754998894993969,0.5953175892884995,0.8458267343821353,0.30719475391217,812.jpg,812,urban
23,3.1780538303479458,0.5013997395833333,0.05202728713768114,0.11960666956398422,1.8370843386274107,0.934189453125,0.45057913857587495,0.11852864583333333,0.051666476,0.16775396318385255,0.5441955862736108,0.8474468752164966,0.40425598213405506,813.jpg,813,urban
21,3.091042453358316,0.5720052083333333,0.045671347966269836,0.13582414038159002,1.03594642380084,0.922255859375,0.44065722092609383,0.10948567708333333,0.07278909,0.3532212625246178,0.48536285783667726,0.7859383579225686,0.36664007420235856,816.jpg,816,urban
23,3.1780538303479458,0.42753156565656564,0.03258783487044357,0.08991322674409939,1.3619634515958812,0.72427398989899,0.46754847810546596,0.2988036616161616,0.15374392,0.2225246249176028,0.6011748839709244,0.8253985921755572,0.3822350761057929,817.jpg,817,urban
31,3.4657359027997265,0.4107911299765808,0.03377193189544459,0.08864869659450285,1.957182907269276,0.9416276346604215,0.5375612374458929,0.11309279859484778,0.04983048,0.2109049324540729,0.553223509052058,0.8261764916287379,0.46615325363076865,82.jpg,82,urban
44,3.8066624897703196,0.3603743489583333,0.024977583451704546,0.06584668069985,2.3874095619453786,0.8658333333333333,0.5665353894889431,0.16080729166666666,0.084728785,0.2644101902244338,0.5312149919269564,0.8323186953647149,0.5526523305509747,825.jpg,825,urban
20,3.044522437723423,0.22216145833333334,0.021598958333333335,0.04864523782957824,1.1285124922845524,0.37544596354166665,0.5497303113163752,0.26581705729166666,0.11350476,0.26121880957284754,0.5391614221281001,0.8297030305511427,0.10881028062893254,834.jpg,834,urban
53,3.9889840465642745,0.35206705729166665,0.023688826650943393,0.06516402674254239,2.622535521322487,0.8943815104166667,0.5345577427289077,0.12813151041666668,0.07065619,0.26193528814524447,0.5567999343470273,0.8727786373002477,0.5755266883897394,842.jpg,842,urban
12,2.5649493574615367,0.6309589132762312,0.1063788142398287,0.17004083263101016,1.7979367264578172,0.9775896680942184,0.5252377752227257,0.016508297644539614,0.017567202,0.21656813167526817,0.43864313614626066,0.7107216764210919,0.4996243837671202,847.jpg,847,urban
35,3.58351893845611,0.185498046875,0.02665550595238095,0.03867997506632978,2.677235918596334,0.755380859375,0.44706951714760634,0.27275716145833334,0.16002434,0.24569395052332796,0.539464009042273,0.7561112099671408,0.03767466278566927,855.jpg,855,urban
40,3.713572066704308,0.32903311965811965,0.029405966212606837,0.07006104354127021,2.5054977270044807,0.8327390491452992,0.5121837872680333,0.18975360576923078,0.085896395,0.21508555730894977,0.5433547586904354,0.8188999658673642,0.5518188074556322,856.jpg,856,urban
41,3.7376696182833684,0.4133506274131274,0.026254973396741686,0.06554509660081978,2.5927000021458624,0.8871440637065637,0.5445223660035043,0.08660111003861004,0.044763483,0.1739103899688647,0.5361324791978942,0.8644846448386589,0.4634415427244778,857.jpg,857,urban
20,3.044522437723423,0.524140625,0.041207031250000005,0.11573392400843546,1.1288572201065992,0.8150618489583333,0.619525191827956,0.09236979166666667,0.04619007,0.1918243079356087,0.6347879381596492,0.8953240721468273,0.3190451810192045,86.jpg,86,urban
22,3.1354942159291497,0.3789926636568849,0.039075646419043715,0.08470405268789091,1.655217877979613,0.8439439898419865,0.518267150478381,0.1338670993227991,0.07081339,0.2707806830632797,0.5388380902342356,0.791882371758013,0.4360145650068015,860.jpg,860,urban
34,3.5553480614894135,0.4401221264367816,0.03105930949966193,0.08616022984890462,2.016959201049448,0.9467552681992337,0.4717992280022676,0.16690014367816092,0.068533696,0.1864835436783914,0.449977472464555,0.7306205555785105,0.3885625567312159,861.jpg,861,urban
28,3.367295829986474,0.2662076822916667,0.0384281994047619,0.06144039537424829,2.562821887916305,0.8221028645833334,0.605135204530363,0.185029296875,0.06505134,0.27075041430602426,0.4937848999956057,0.8119977187596119,0.40947173661631875,872.jpg,872,urban
37,3.6375861597263857,0.32172526041666666,0.026329884572072068,0.06795080545511273,1.9732659666563488,0.864501953125,0.6073237578206918,0.2191796875,0.10215627,0.18370003783507285,0.6066700137686057,0.8549822951838347,0.3165785684027138,874.jpg,874,urban
48,3.8918202981106265,0.32822774943310656,0.024220816798941797,0.06092776632897984,2.6556349366014964,0.9411918934240363,0.5686716085673911,0.1026218820861678,0.04852852,0.24319553613788064,0.5619882185719278,0.8059197855615389,0.49367908936731913,89.jpg,89,urban
20,3.044522437723423,0.472130187416332,0.056416290160642577,0.11207425680968554,1.8513062179100337,0.9778028781793842,0.5089499120017589,0.05138052208835341,0.027837535,0.23328371419212063,0.46724414117422136,0.7633660137805537,0.25386663387697006,894.jpg,894,urban
40,3.713572066704308,0.36535517068273093,0.02341930220883534,0.07123190015511667,1.8064197882419246,0.9132969377510041,0.5068362717284438,0.15933734939759037,0.052192576,0.31333261395548334,0.5854827367014381,0.8003701355382644,0.29865357626764627,903.jpg,903,urban
16,2.833213344056216,0.5379166666666667,0.07195109049479168,0.13966570716607893,1.594988476700416,0.9668717447916667,0.5700887718754735,0.03756184895833333,0.025269693,0.2054321050903403,0.4523821049760435,0.8690833205677547,0.5657991108365987,914.jpg,914,urban
44,3.8066624897703196,0.19295247395833334,0.021194143584280303,0.04401340306327225,2.417641359296612,0.5923697916666667,0.5087217687567223,0.23648111979166667,0.09830926,0.2935556113640933,0.49411941399690795,0.8543525053967091,0.41136616960044153,93.jpg,93,urban
13,2.6390573296152584,0.3688611260775862,0.09888848018899205,0.10497812466939842,2.2802997174469293,0.8437533674568966,0.5212236161770663,0.10865436422413793,0.05360878,0.30262169907722736,0.42879963139280736,0.7181676878459136,0.25526935673009643,942.jpg,942,urban
34,3.5553480614894135,0.2712890625,0.04873755361519608,0.06865545737051366,3.6874164944532195,0.9480078125,0.5436936018666056,0.19881184895833334,0.09001866,0.2865500774390776,0.5530917403913138,0.8041841783098611,0.24403473449140903,951.jpg,951,urban
33,3.5263605246161616,0.2743031103286385,0.023804395184236736,0.05631077362462522,1.891235007277476,0.739693368544601,0.4254437685768334,0.15512030516431924,0.06287295,0.29661708211327065,0.5554423876860818,0.8240594008387736,0.2860549122213035,954.jpg,954,urban
40,3.713572066704308,0.3869595588235294,0.0334921875,0.08025765753436573,2.479389317088243,0.9529779411764706,0.5046704964476184,0.08456985294117647,0.039093684,0.3122255148160419,0.5837360411519481,0.845877246202736,0.5352239895509174,959.jpg,959,urban
25,3.258096538021482,0.507431640625,0.046998828125,0.10108406554071965,2.226060393950192,0.7925748697916667,0.44125272066154697,0.04226888020833333,0.028673846,0.3114569988575715,0.4866656127680329,0.813214346261041,0.34828899089987103,961.jpg,961,urban
46,3.8501476017100584,0.297744140625,0.023199162137681164,0.05569059804521486,2.5178160491295394,0.904716796875,0.45031972786610974,0.20478841145833335,0.0832896,0.20270800308741083,0.5818691431676737,0.8326500026932739,0.2513846174975234,974.jpg,974,urban
99,4.605170185988092,0.16999900477707006,0.00967758798172811,0.021797112475628894,3.4779010365091714,0.7257364649681529,0.49562114553685477,0.18164808917197453,0.06540645,0.1685276668408028,0.5066252725583016,0.8148653875167718,0.3146739373828419,976.jpg,976,urban
45,3.828641396489095,0.4410933840749415,0.02313126138433515,0.0688535435363186,2.2342752185797763,0.9089871194379391,0.5370733375966932,0.1522467798594848,0.07298071,0.28912146319909865,0.5134381055732763,0.8183053075131015,0.25840813471508856,992.jpg,992,urban
32,3.4965075614664802,0.4490493639380531,0.03785681260370575,0.0900423573967575,2.3281643718326848,0.9478982300884956,0.5445350328768883,0.1288889657079646,0.047623437,0.1956905665643668,0.5694901477277171,0.8219460761200796,0.32603772646764856,994.jpg,994,urban
59,4.0943445622221,0.25192110655737704,0.020102186123129445,0.04281053316108401,3.2399331766229134,0.9041569086651053,0.4868339074167568,0.19366583723653397,0.0675324,0.2328512928229598,0.5214700144660883,0.8231719907342214,0.22532722819103332,995.jpg,995,urban
44,3.8066624897703196,0.33269856770833334,0.02244273792613636,0.06907427865072338,1.8987966543706327,0.893466796875,0.45311275879087765,0.09743489583333333,0.043300852,0.17387382722604927,0.48881980131079944,0.813466678988731,0.450842401984155,100.jpg,100,landscape
31,3.4657359027997265,0.28961263020833333,0.030516948084677416,0.07924267751733471,1.7198656660088008,0.9198111979166667,0.5613820948487429,0.17927408854166665,0.0681151,0.212577425826851,0.5540307472831921,0.8569857334994979,0.48064808912141177,1001.jpg,1001,landscape
27,3.332204510175204,0.5584830729166667,0.03911723572530864,0.10955724519820263,1.6971343716351723,0.9469563802083333,0.451366361574967,0.11023111979166667,0.049705364,0.2432714534779592,0.34968746862474687,0.7422632383754528,0.446456264297783,1002.jpg,1002,landscape
15,2.772588722239781,0.5359375,0.06651888020833331,0.1459106476749829,1.3019380980677475,0.9259993489583334,0.5320374612445833,0.12170247395833333,0.03691801,0.24353212541311386,0.46355944757230294,0.7975563871044545,0.4402969988041893,101.jpg,101,landscape
30,3.4339872044851463,0.5146370023419203,0.04771589578454332,0.11119309578559182,2.1245948194363384,0.7977202868852459,0.5471861957803814,0.13631806206088992,0.054004315,0.2229839406392751,0.5826183556560128,0.8561112939340477,0.4806670382782623,1010.jpg,1010,landscape
39,3.6888794541139363,0.3897298177083333,0.028042701655982896,0.0731994515966021,2.2545489926985494,0.8550520833333334,0.5614155927241576,0.16867513020833333,0.067333214,0.31764270689505286,0.6042916993169019,0.8532440567575369,0.24160591159653796,1011.jpg,1011,landscape
29,3.4011973816621555,0.30731770833333333,0.03543417744252873,0.084625238077663,1.7554046355788637,0.9809309895833334,0.5072970915340641,0.19294921875,0.067679934,0.24012870121205324,0.5736440995344052,0.8268021579318079,0.34597369769819486,1018.jpg,1018,landscape
19,2.995732273553991,0.468251953125,0.07511564555921053,0.12299719942410886,2.1826021827289734,0.9149251302083333,0.5510741521145046,0.277568359375,0.11363115,0.24706070705993222,0.36017697033056073,0.8000256248844843,0.35663346171645477,1019.jpg,1019,landscape
24,3.2188758248682006,0.2673828125,0.03767618815104167,0.06894839374475925,1.869303784413404,0.72412109375,0.43955793985495617,0.100537109375,0.046612985,0.20415549966189797,0.4641654342620303,0.8458333503926913,0.3846472772020891,1025.jpg,1025,landscape
35,3.58351893845611,0.9477408854166667,0.028105003720238088,0.15771789684411036,0.2885984150752826,0.967587890625,0.5231599775656117,0.2688704427083333,0.063477755,0.09129029610074012,0.5569977128621162,0.8633480851828433,0.3187598890809007,1027.jpg,1027,landscape
56,4.04305126783455,0.1507888888888889,0.0070416666666666666,0.02000473855351167,1.4897226329535307,0.3288259259259259,0.47324316334616123,0.20236666666666667,0.06417133,0.12378372894777541,0.5817042985966318,0.8627015252838238,0.14390038379708578,1030.jpg,1030,landscape
15,2.772588722239781,0.53822265625,0.09194856770833335,0.13925250133025924,2.1091582181398616,0.8783984375,0.5034278901352275,0.3000032552083333,0.11091445,0.19041860598994106,0.5388018317364688,0.6931713596744288,0.2147908366576116,1034.jpg,1034,landscape
22,3.1354942159291497,0.9150944010416666,0.08663204308712122,0.22516872276247474,1.141026803556914,0.9716959635416667,0.5084983120138711,0.31237630208333333,0.13153261,0.1570003250360117,0.5689880030740877,0.8274471373115332,0.6639240296684519,1035.jpg,1035,landscape
23,3.1780538303479458,0.04004557291666667,0.009190019248188405,0.01220428723129667,0.851392983818497,0.196376953125,0.5041208873200149,0.34129231770833335,0.17071794,0.2013589317618838,0.4337629132527753,0.7221067557042888,0.11629926619211721,1039.jpg,1039,landscape
28,3.367295829986474,0.37529622395833334,0.03829915364583333,0.07821917150920778,2.1064612173587025,0.9415559895833333,0.5089027045756934,0.19931640625,0.06434524,0.21794815891211314,0.5672382688318665,0.8388947093457216,0.21894428985299927,104.jpg,104,landscape
31,3.4657359027997265,0.30231119791666666,0.02027774277553764,0.05463340242237742,1.5469519476290379,0.6028841145833334,0.46936599559291037,0.1767578125,0.062184,0.2968742698437233,0.49079620694517767,0.7784673206776542,0.2421641395821507,1042.jpg,1042,landscape
39,3.6888794541139363,0.37335286458333333,0.02411900707799145,0.0664632062798866,1.9865007177126017,0.77642578125,0.4696647173900801,0.19613606770833333,0.077073134,0.2696038984048696,0.5499326534412492,0.8593766071092392,0.31428332966615813,1044.jpg,1044,landscape
28,3.367295829986474,0.6243912760416667,0.05777262369791667,0.14198567400118375,1.9285001263995467,0.98966796875,0.4450611010259429,0.1325390625,0.05367947,0.2903178648064196,0.6004308248176242,0.8382202567494534,0.5537065918772704,1046.jpg,1046,landscape
23,3.1780538303479458,0.44095052083333336,0.043466796875000005,0.11457374738117146,1.3882116975914889,0.9346907552083333,0.4256612144603562,0.07144205729166667,0.026567757,0.2677522749842203,0.5638946646399412,0.8569232156246029,0.4167824421803477,105.jpg,105,landscape
24,3.2188758248682006,0.29123208598726114,0.04488261898443029,0.07973896085299755,2.2080740534825334,0.9429372346072187,0.5121601793547166,0.19033638535031847,0.081686646,0.3659619932941039,0.5272414473052547,0.8758946547509849,0.3861269420036281,1051.jpg,1051,landscape
30,3.4339872044851463,0.347236328125,0.035063259548611114,0.07584002076488415,2.142984435340447,0.9086393229166667,0.6688577960911226,0.20025390625,0.06730966,0.24533086971433796,0.5162878371752859,0.815221168419606,0.21824173308026973,1052.jpg,1052,landscape
32,3.4965075614664802,0.46232027582159624,0.04741635031543427,0.10143364721082593,2.667508543568566,0.9633949530516432,0.5153860444310445,0.15966109154929578,0.074822865,0.33770769347699436,0.5300202074415294,0.8030180147533598,0.39766838545077854,1061.jpg,1061,landscape
30,3.4339872044851463,0.3134036975717439,0.028614790286975715,0.05997050326463558,2.071002479109988,0.7061844646799117,0.4621550846100736,0.07697295805739514,0.038136773,0.25877375711874245,0.5707979058105839,0.8336084049688147,0.3777053355599643,1063.jpg,1063,landscape
30,3.4339872044851463,0.5667415364583334,0.03319878472222223,0.10485871198322286,1.506855199671616,0.966220703125,0.5449995010186559,0.23477213541666667,0.07957972,0.14987475124954375,0.47119298916537067,0.7550932390904891,0.4932655099870962,1074.jpg,1074,landscape
48,3.8918202981106265,0.282608995584989,0.01849511646891096,0.04926998461464969,2.328152046992987,0.7015762969094923,0.5206845636542377,0.12721440397350994,0.0546336,0.12097987578431499,0.5237207517620895,0.8775893921918994,0.3392831909396041,1084.jpg,1084,landscape
16,2.833213344056216,0.6476985677083333,0.08438557942708333,0.16889459347053176,1.5452337393499085,0.9835221354166667,0.5353878507702992,0.11298828125,0.040941663,0.27309570765137836,0.5767986106699917,0.8619370704453545,0.5436428811740946,1087.jpg,1087,landscape
13,2.6390573296152584,0.6249576822916667,0.0768672375801282,0.18503556177191305,0.7387549172621558,0.9875520833333333,0.48945835593362785,0.073662109375,0.035695523,0.3125250868525745,0.6048892580794184,0.8760524746509061,0.4062151893464252,1088.jpg,1088,landscape
24,3.2188758248682006,0.37847981770833333,0.04557942708333334,0.10040750666214275,1.7923741008626406,0.9387858072916667,0.5161854232775618,0.16749348958333332,0.07062682,0.31561333071357545,0.537500695660546,0.8831988791495682,0.4941138191650003,109.jpg,109,landscape
9,2.302585092994046,0.5702083333333333,0.14549370659722224,0.19517906239414373,1.4553076786763595,0.9867578125,0.43489169436089503,0.015227864583333334,0.01885625,0.30892159070924824,0.44882298186819763,0.5917303832882865,0.5254886529090396,1090.jpg,1090,landscape
37,3.6375861597263857,0.05619140625,0.00848755982545045,0.013339809493504098,1.2320367709228894,0.28680013020833334,0.452317443660915,0.32078450520833335,0.13236934,0.21166151253141957,0.4336127176492051,0.8155508338827588,0.1534149370069099,1095.jpg,1095,landscape
9,2.302585092994046,0.4898372395833333,0.08755931712962964,0.15676610812398462,0.936967738692022,0.7036979166666667,0.5430189675766344,0.10815755208333333,0.04779203,0.26601286349934344,0.515987854919438,0.6880024911305759,0.43007996764881584,1096.jpg,1096,landscape
22,3.1354942159291497,0.6551626461988304,0.0470616942450824,0.1383740077399436,1.305507758971803,0.962938596491228,0.5458049757264847,0.05169042397660819,0.034115806,0.18354327367975964,0.49567765125144375,0.8935071272856563,0.38383982091834207,1097.jpg,1097,landscape
65,4.189654742026425,0.37048502604166667,0.014862680288461539,0.04805361541727181,2.677851963663334,0.7996516927083334,0.5555652238608038,0.13069986979166667,0.04847702,0.13290133196499437,0.549458318938516,0.8052029677112386,0.16840220598051034,11.jpg,11,landscape
16,2.833213344056216,0.5097395833333334,0.05616434733072917,0.13388386325819332,1.1546549846214131,0.8657552083333333,0.45493123479310704,0.17146484375,0.049323224,0.2804950807647699,0.47220807780246166,0.8348538068572381,0.32252022398849783,1103.jpg,1103,landscape
20,3.044522437723423,0.52869140625,0.08242138671874998,0.15675862953202732,1.9555572640475753,0.98673828125,0.5555838530912103,0.14316731770833332,0.0490126,0.1951489329039365,0.48326060467662124,0.8556508014502023,0.5053656441259372,1105.jpg,1105,landscape
19,2.995732273553991,0.4592372481108312,0.05783611460957178,0.1220448463810298,1.7059378628705841,0.9766451511335013,0.4837152010980734,0.0148102959697733,0.022260047,0.33177720766215946,0.44440271004285314,0.7992269238238574,0.4331208954160071,1108.jpg,1108,landscape
42,3.7612001156935624,0.16699544270833333,0.018224051339285712,0.03279385509920289,2.3564644902174576,0.6025130208333334,0.48717659202632924,0.22978515625,0.12301548,0.27249356281201714,0.4748008149653499,0.8756324938203884,0.3485712508107221,1109.jpg,1109,landscape
12,2.5649493574615367,0.6488152649176955,0.13351511595507545,0.19829046213166904,1.7262602379515528,0.979689107510288,0.676138537770655,0.23878761574074073,0.070540346,0.16838070154990253,0.49070969912227974,0.7336992369949393,0.5689869585466086,111.jpg,111,landscape
32,3.4965075614664802,0.455354020979021,0.02996988363199301,0.0859682402988877,1.8308478226283198,0.7843240093240094,0.47973488557109145,0.07540064102564102,0.047305617,0.22832593708977142,0.45590408763771617,0.762225238338194,0.2633070988283314,1116.jpg,1116,landscape
14,2.70805020110221,0.633237969483568,0.09872673541247483,0.1804135213985984,1.4205815710216536,0.9847601232394366,0.5273623329143479,0.1493911384976526,0.049989063,0.2025426402385011,0.522626947970901,0.7961475605054008,0.5413313926354407,1120.jpg,1120,landscape
11,2.4849066497880004,0.6394488134657836,0.16869951585390328,0.20353380027625706,1.913511536149676,0.9894591611479029,0.48501672840698984,0.049341197571743926,0.028406829,0.30889014157935824,0.5203967238754179,0.755423132672233,0.5636530140552177,1129.jpg,1129,landscape
22,3.1354942159291497,0.334775390625,0.03830329663825758,0.08510950010838952,1.5344643080114986,0.813359375,0.5314795135817232,0.13208984375,0.046460845,0.2769039328146433,0.4549512295648847,0.8489201103583106,0.3745121849801525,1130.jpg,1130,landscape
30,3.4339872044851463,0.33059252829218105,0.03755519118655693,0.08155394194476413,2.206080114225021,0.9645061728395061,0.47898067645434506,0.09077208719135803,0.04047854,0.2825208367788131,0.4657839167439383,0.7165948146760115,0.26244866513405135,1131.jpg,1131,landscape
15,2.772588722239781,0.4745330182613169,0.07899091220850481,0.1305378787480273,1.7540687403028123,0.9642047646604939,0.48691351372233804,0.02490033436213992,0.020363402,0.31955288198884774,0.49927719361505757,0.7488728568942548,0.23380778917888942,1133.jpg,1133,landscape
28,3.367295829986474,0.3089337384259259,0.03196860015707672,0.0629032003656548,2.0970632867802648,0.764673755787037,0.45316697133640205,0.1478877314814815,0.045655582,0.2789023940463646,0.563442368519673,0.8450733991194005,0.25792785999813966,1136.jpg,1136,landscape
14,2.70805020110221,0.5855924479166666,0.11439081101190475,0.17297959520782666,2.0100332978911957,0.9786555989583333,0.5439770255715877,0.10170247395833333,0.03366637,0.30135260131582375,0.3680510470023166,0.6695481719090159,0.5355113082310456,1138.jpg,1138,landscape
7,2.0794415416798357,0.627138671875,0.2036207217261905,0.24412857101762145,1.0752998635606579,0.9895572916666666,0.5293335538186456,0.13041666666666665,0.039042395,0.2915921457120674,0.4641034605128628,0.6784447130341765,0.5378593243359097,1139.jpg,1139,landscape
18,2.9444389791664403,0.696755079006772,0.08291517745171809,0.1700131570386348,1.7426805650129242,0.9884064616252821,0.49456110440945544,0.10719525959367945,0.036490295,0.26749127750152013,0.48788249213686474,0.7569595415918391,0.5056442534012072,1140.jpg,1140,landscape
9,2.302585092994046,0.6201610520094563,0.11110249211977935,0.1999858694289878,0.9486788115203404,0.9831781914893617,0.48407852071140733,0.12430924940898345,0.04261554,0.30375006517363917,0.5266755595667539,0.8158153305022278,0.4383706913691148,1141.jpg,1141,landscape
26,3.295836866004329,0.6116731770833334,0.06764072516025642,0.1431918604934398,2.203803452754124,0.9852604166666666,0.5682283789704408,0.2094140625,0.06970229,0.17607631561589296,0.5866847231809211,0.8430316997359225,0.5169388260719686,1143.jpg,1143,landscape
31,3.4657359027997265,0.5482747395833333,0.03246093750000001,0.10251908344840621,1.564819339576051,0.733994140625,0.4530799974882219,0.3040266927083333,0.12286563,0.23628728005002284,0.5313845157286637,0.8325037971496752,0.39936632385433946,1145.jpg,1145,landscape
13,2.6390573296152584,0.5217828624078624,0.07647272491022492,0.16091048298354668,1.0609365729140743,0.9827472358722359,0.5566632595746294,0.17293074324324326,0.053957354,0.2568969182262623,0.4235487724970516,0.7545745855257445,0.37549184212922854,1146.jpg,1146,landscape
15,2.772588722239781,0.6616015625,0.06707877604166668,0.17796237964317677,0.7593070856572631,0.9855143229166666,0.4875373100341528,0.22893229166666668,0.08161615,0.2825737514062396,0.6323151170547009,0.8327747156501127,0.3921660682741847,1149.jpg,1149,landscape
37,3.6375861597263857,0.47952473958333336,0.027978779560810817,0.10373821794477107,1.2356611955522596,0.9823177083333333,0.38076520483117593,0.124013671875,0.040591747,0.33239703722338815,0.615181476436352,0.8550860499032601,0.3142910477577554,115.jpg,115,landscape
52,3.970291913552122,0.4515690104166667,0.020429812700320512,0.07424388884972886,2.0356009225076646,0.92263671875,0.43426760942844256,0.11052408854166666,0.060306367,0.26213103959931583,0.5577081383653886,0.8548792968119917,0.5264405333040783,1150.jpg,1150,landscape
30,3.4339872044851463,0.44121736754115226,0.03861105752743484,0.10726409272141285,1.840432735225089,0.9669455697016461,0.47742074471475904,0.18646315586419754,0.06258765,0.24518936735449767,0.5629122572943525,0.864868830351046,0.3101997933646755,1166.jpg,1166,landscape
23,3.1780538303479458,0.5745638020833334,0.04948963994565216,0.13760660905552505,1.224253139375001,0.9780240885416667,0.47839903379565063,0.19126302083333332,0.06879949,0.2490389626241309,0.5174103694560419,0.8232477298634746,0.4685848030088861,1168.jpg,1168,landscape
20,3.044522437723423,0.3741861979166667,0.05235465494791669,0.11669897277164828,1.4067718259451356,0.9847395833333333,0.49892482402090477,0.08953776041666667,0.033773255,0.2866532001204473,0.4845319126540207,0.8388398368142984,0.6070253693267046,1169.jpg,1169,landscape
17,2.8903717578961645,0.35260416666666666,0.053622855392156867,0.11363909328770025,1.2970190710610654,0.9027018229166667,0.519248357695721,0.1305078125,0.03874756,0.13580121998229383,0.6251844295844633,0.8508168636623828,0.25751107200589873,117.jpg,117,landscape
17,2.8903717578961645,0.346953125,0.03154067095588235,0.08621742174385641,0.8612680700136167,0.53427734375,0.49670501331608086,0.13555338541666667,0.045298,0.2277437036237875,0.48494901891617537,0.710292426065371,0.1639969718898871,1173.jpg,1173,landscape
61,4.127134385045092,0.185966796875,0.017397114071038253,0.036000287885344234,3.0843636309994364,0.8894986979166667,0.49537293933770055,0.23195963541666667,0.1108296,0.231278552292958,0.5799668287118952,0.8356978013116965,0.19047576699619173,1175.jpg,1175,landscape
30,3.4339872044851463,0.5004069010416666,0.03713053385416666,0.10724373541804776,1.5886551943124203,0.5996223958333333,0.5401840615465449,0.08650390625,0.035970483,0.12140210487338121,0.5050552875723319,0.8878988555872935,0.4245772009066169,1181.jpg,1181,landscape
26,3.295836866004329,0.2552743544600939,0.018743228602383533,0.05403077888795353,1.0711898505322954,0.4404342723004695,0.4124937446050969,0.3206756161971831,0.17574649,0.23254438509080727,0.4830742071318292,0.8149229348778284,0.2548119435939918,1186.jpg,1186,landscape
25,3.258096538021482,0.380146484375,0.04109700520833333,0.09701205099433075,1.7967779385200517,0.9491861979166667,0.5606247626077719,0.142890625,0.044974435,0.3571385958049525,0.6061477321012526,0.8247026883032927,0.28770896901065574,1192.jpg,1192,landscape
10,2.3978952727983707,0.5904332571801567,0.09568211488250652,0.19447379814758492,0.7858213130369203,0.9488209856396866,0.4968508602253252,0.1615657637075718,0.049694397,0.2500947490793401,0.4992893843194599,0.8067628692146209,0.37778968383289085,1197.jpg,1197,landscape
44,3.8066624897703196,0.49753521126760564,0.026683205292360224,0.07944108120676314,2.4219372661317307,0.908443368544601,0.49829598094394456,0.12559419014084508,0.048031952,0.20039361873543984,0.51983923010979,0.763334481739412,0.2475342971664166,120.jpg,120,landscape
15,2.772588722239781,0.488251953125,0.09795421006944444,0.1664921381992264,1.6326674646919614,0.9726985677083333,0.5763964312438412,0.106767578125,0.043259386,0.26636555652430655,0.30275363377695436,0.8021840683513491,0.4646668894365926,1201.jpg,1201,landscape
24,3.2188758248682006,0.4599408721359941,0.03948678861788618,0.10015492311726795,1.5717272124771084,0.9236622320768663,0.5548083542247084,0.24158167036215816,0.087111466,0.2791400587874418,0.6350596804796464,0.8843386102075198,0.33057129131468493,1208.jpg,1208,landscape
28,3.367295829986474,0.5019692001028807,0.03311471193415639,0.09424543656844139,1.679718120103907,0.8559188528806584,0.49221118295284927,0.08533870241769548,0.033113148,0.2493908483503933,0.4830553347867044,0.8391912609892243,0.3116194613306395,1229.jpg,1229,landscape
30,3.4339872044851463,0.20514322916666666,0.026777235243055555,0.05276674523504252,1.9797793093947238,0.7555338541666666,0.48685878303499364,0.225546875,0.07928706,0.22606647923663567,0.4846706326098161,0.7881190216852698,0.3550224862206867,1230.jpg,1230,landscape
23,3.1780538303479458,0.08109375,0.018138445425724636,0.020780169631347063,1.452468545542768,0.3555143229166667,0.5752686718778792,0.30700846354166667,0.14309537,0.2902523867962756,0.43592981200555714,0.8274471396323163,0.01606437815428945,1232.jpg,1232,landscape
33,3.5263605246161616,0.28487955729166664,0.05086272885101009,0.07798849121840301,3.379523792091893,0.9462272135416666,0.5925209676870853,0.149384765625,0.07586183,0.2654370736637922,0.47889069413135193,0.8590511787052187,0.2999444649569097,1238.jpg,1238,landscape
16,2.833213344056216,0.3279274004683841,0.05651140771370023,0.10429245035056668,1.4988858414342117,0.8896809133489462,0.5756435459775231,0.15135026346604216,0.04440501,0.18100035068462755,0.4816447487973583,0.7963263048356591,0.5329179589570558,124.jpg,124,landscape
12,2.5649493574615367,0.5171126302083333,0.08185139973958334,0.14686215770736247,1.3208297484202811,0.9575748697916666,0.5664379041456307,0.25509440104166664,0.08729557,0.2310138161758197,0.5297027197265881,0.7326662944193588,0.18200925307302282,1241.jpg,1241,landscape
24,3.2188758248682006,0.28251586644591614,0.047418828182487126,0.08382065445894762,2.094923800827381,0.9679256346578367,0.5242926343685235,0.15936120309050772,0.048120134,0.32300889985257775,0.4133787100844079,0.7354520579708518,0.2802564544125024,1242.jpg,1242,landscape
14,2.70805020110221,0.3581315104166667,0.07327590215773809,0.11535202351059785,1.6408732616768207,0.9682877604166666,0.5775522573338967,0.09775390625,0.041878983,0.3190315992960379,0.4623264013137591,0.8505718625040087,0.45050539862306255,1243.jpg,1243,landscape
6,1.9459101490553132,0.5042776639344262,0.1578393345042935,0.21688369436441884,0.8100182667724748,0.9278103044496487,0.49645566699578725,0.016129976580796252,0.024837103,0.10091098360581117,0.3992334062314227,0.7358172903597181,0.32942394649293494,1256.jpg,1256,landscape
18,2.9444389791664403,0.8819806134259259,0.09836958269032922,0.22788429302536867,1.1704073197534348,0.8819806134259259,0.5834423813040686,0.06817451131687242,0.065203674,0.3794317750353517,0.4923983664260525,0.7224912516775507,0.6500721902042549,126.jpg,126,landscape
9,2.302585092994046,0.6709691455696203,0.18347090365682137,0.23126155329383494,1.372059270214597,0.9859770569620253,0.5143667654398689,0.21434335443037975,0.056348752,0.08681840980113881,0.5513129480579518,0.8295441108369302,0.5700177615442542,1265.jpg,1265,landscape
40,3.713572066704308,0.37208984375,0.026605061848958333,0.07408917830097045,2.0542076599880774,0.966806640625,0.5139003690713182,0.06674153645833333,0.031603247,0.3039506340402267,0.5397606778487545,0.8379515982979939,0.4537105127635514,1268.jpg,1268,landscape
14,2.70805020110221,0.42007860725308643,0.07142857142857142,0.11742828704152672,1.625298443757585,0.9534344457304527,0.579735114923508,0.1371367026748971,0.06940512,0.2792284699832246,0.4478566195807555,0.7959328975169525,0.698425073974697,127.jpg,127,landscape
27,3.332204510175204,0.5084016927083334,0.043557942708333325,0.11275518433247413,1.752023370722511,0.9701497395833333,0.5613335433427968,0.13984049479166666,0.059410714,0.14661046264305364,0.46681359465596156,0.757875175484137,0.40087653518598604,1273.jpg,1273,landscape
10,2.3978952727983707,0.4981749746963563,0.13716093117408906,0.19036332519392007,1.4096599455026484,0.9595679402834008,0.648982006562594,0.10415296052631579,0.041780934,0.13614638837229653,0.5410466982472186,0.8085181381420814,0.4549189721810611,128.jpg,128,landscape
22,3.1354942159291497,0.49767903645833333,0.050939571496212116,0.1271435717415007,1.5885319665352056,0.9719075520833333,0.4865731062949732,0.11953776041666667,0.043263413,0.17980960331095064,0.58542691682372,0.8166550807936196,0.3897211257090598,1281.jpg,1281,landscape
33,3.5263605246161616,0.446826171875,0.029751025883838378,0.07820298669368525,2.1018602425062833,0.749296875,0.5751521596089904,0.184033203125,0.09061758,0.2633815766472201,0.5693924025399664,0.7616634518485476,0.15711025655936062,1289.jpg,1289,landscape
15,2.772588722239781,0.4632232666015625,0.034600016276041666,0.11466763063595826,0.6338381386203703,0.506298828125,0.590278787913852,0.074725341796875,0.054250043,0.24322061308212475,0.5942184730597726,0.8265835663835702,0.3112872493832754,13.jpg,13,landscape
40,3.713572066704308,0.0901092529296875,0.008622360229492188,0.017615593510974158,1.2661712239311258,0.267205810546875,0.4842702609977485,0.2615325927734375,0.09383367,0.2692219225501466,0.60262230456004,0.8474257561913381,0.12232210486188365,130.jpg,130,landscape
15,2.772588722239781,0.32280598958333334,0.05327712673611111,0.09185489612368945,1.478253310918637,0.7923795572916666,0.459028897206624,0.17701171875,0.09848951,0.307269359398081,0.48755125222957457,0.6310235494411295,0.1518041736619413,1307.jpg,1307,landscape
21,3.091042453358316,0.25246744791666664,0.021237134176587298,0.052335381026661694,1.1820104196644075,0.44111002604166666,0.5221357176705497,0.17037434895833334,0.05738636,0.3477701869164112,0.35025838029308537,0.7623782364406335,0.1643200357560666,1319.jpg,1319,landscape
20,3.044522437723423,0.454716796875,0.051614257812499995,0.10508129115619823,1.7282263706018248,0.862314453125,0.5406576299870972,0.11729166666666667,0.041267645,0.24587028928497318,0.4611260712552883,0.8384162020577944,0.4017080406443287,1321.jpg,1321,landscape
14,2.70805020110221,0.22010416666666666,0.0488467261904762,0.07553975609475526,1.3876386755744219,0.459072265625,0.5379012403799668,0.173056640625,0.08288029,0.3397110807221496,0.5232867084324901,0.891019988972906,0.4079812334415533,133.jpg,133,landscape
28,3.367295829986474,0.5302669270833333,0.05781122116815477,0.12032860520566108,2.441661474597336,0.84853515625,0.5050847102403331,0.22021484375,0.086344704,0.28453573125278214,0.5395205545206421,0.7972000132056919,0.5064522101312209,1335.jpg,1335,landscape
38,3.6635616461296463,0.27248046875,0.018116690652412278,0.055870352884631484,1.4483532603374085,0.6686458333333334,0.47683813632319916,0.23555338541666668,0.07690924,0.2845730446454956,0.5690698784171161,0.8464861210468954,0.30863065160972925,1346.jpg,1346,landscape
18,2.9444389791664403,0.32418619791666664,0.03337438512731481,0.08430441606251063,1.0208938207723226,0.5910579427083333,0.5696052057109505,0.195947265625,0.060800906,0.27188531017231476,0.6013545249525207,0.9128633418714199,0.22326396941876872,1348.jpg,1348,landscape
61,4.127134385045092,0.21370768229166667,0.014194522711748633,0.03871564945331915,2.3729232900121504,0.7674446614583333,0.5307987107133717,0.12536458333333333,0.04350305,0.25190229762370864,0.5465756925315436,0.8713695604969054,0.30465152412891533,1350.jpg,1350,landscape
62,4.143134726391533,0.08302734375,0.011191196236559139,0.017674043369779076,2.5556733134921603,0.56185546875,0.48490376621479214,0.3359147135416667,0.18482827,0.20365247073842901,0.5080809318664544,0.8171725507643326,0.1693078571539108,1357.jpg,1357,landscape
10,2.3978952727983707,0.175712890625,0.08276106770833333,0.047682842675495433,1.9162104685075714,0.597353515625,0.5097966714267387,0.19619466145833334,0.08482328,0.29553894128721053,0.5372061715410921,0.677811398530922,0.1901015535889917,1359.jpg,1359,landscape
26,3.295836866004329,0.3024411674816626,0.032461326876057926,0.06825600669883873,1.7680501838880507,0.7051421149144255,0.4051977911459903,0.1754393337408313,0.050381515,0.2972319447462661,0.5610596398204352,0.8475717832163826,0.23402764420767544,1364.jpg,1364,landscape
41,3.7376696182833684,0.193369140625,0.020940913998983738,0.044892729030850995,2.2181229893904506,0.6078515625,0.5589591116127584,0.284423828125,0.13287592,0.2375687080112041,0.6287736695010715,0.8434331960226752,0.2809651027050766,1379.jpg,1379,landscape
19,2.995732273553991,0.39210611979166665,0.05190635279605262,0.10435354060989764,1.6334366718040323,0.906298828125,0.49794163970287575,0.132998046875,0.04669117,0.13878503407385093,0.5096849069479565,0.8442003746750522,0.3276828132039998,1384.jpg,1384,landscape
41,3.7376696182833684,0.23249674479166665,0.011162903328252033,0.037983561872753535,1.2319041724278097,0.43078125,0.5465801874896661,0.226572265625,0.07932105,0.17809316291770125,0.5642636269957868,0.8523337272943116,0.2808724091588468,1386.jpg,1386,landscape
16,2.833213344056216,0.375458984375,0.035526733398437496,0.09491368878612547,0.8690447001287375,0.41174153645833333,0.4913459200036332,0.36212565104166666,0.18231346,0.23254056594068084,0.6213802495153538,0.8189413345953331,0.15157662929789428,139.jpg,139,landscape
52,3.970291913552122,0.2882482394366197,0.013029720792704945,0.047909315198049654,1.5196508848486723,0.626987969483568,0.5081820947018978,0.3109851819248826,0.1504569,0.1882643109135979,0.640122426803713,0.8796680450792603,0.17619985341855515,1390.jpg,1390,landscape
30,3.4339872044851463,0.37590169270833335,0.04779014756944445,0.08599331310362726,2.8777546224803876,0.9706640625,0.4462040821116753,0.154365234375,0.058583498,0.25594347214991986,0.5655792059924372,0.8191656083311663,0.4845152869946386,1391.jpg,1391,landscape
22,3.1354942159291497,0.3296940104166667,0.049794034090909094,0.08192399310457447,2.1395518883942297,0.8135677083333334,0.48001580765268514,0.20225911458333334,0.06895013,0.21412745727234028,0.6111595478125166,0.8026684661529679,0.22837590269231475,1407.jpg,1407,landscape
52,3.970291913552122,0.17666341145833334,0.028033040364583324,0.04104192971199005,3.958515356496731,0.8894661458333334,0.4338017415825439,0.15152994791666666,0.06313489,0.1700898270616783,0.4636412554040857,0.8359070437251799,0.4005777155360836,1410.jpg,1410,landscape
30,3.4339872044851463,0.2961797518004115,0.03314686213991769,0.0822556939487329,1.6667781956561822,0.940232767489712,0.5376219371631414,0.1297140239197531,0.053311903,0.34357325575965214,0.6493669566064073,0.8800197535712179,0.23495800424607274,1412.jpg,1412,landscape
12,2.5649493574615367,0.46731119791666664,0.08133789062499998,0.16217227242815144,1.0333150802683992,0.9655240885416667,0.5628327477660062,0.090537109375,0.035377413,0.29519713540521947,0.5794145765806668,0.8254040579601467,0.3573020345425051,1413.jpg,1413,landscape
28,3.367295829986474,0.3272670773886727,0.03793026411277871,0.08175018096052149,1.9010454265034649,0.9000351275399914,0.4725472573017332,0.13777426502377865,0.062559724,0.17362129425765518,0.48591530552467227,0.7782959925433327,0.3909662936274594,1416.jpg,1416,landscape
21,3.091042453358316,0.23882486979166667,0.021199001736111105,0.05344725031974679,1.060214786590389,0.412646484375,0.4638930082381857,0.212216796875,0.07753078,0.2830276743982499,0.39167876494582454,0.7795347078290213,0.16102153102219863,142.jpg,142,landscape
24,3.2188758248682006,0.39426106770833336,0.03350857204861111,0.08727884443571395,1.463432438812075,0.7856770833333333,0.5273577537208738,0.18460286458333333,0.08965464,0.2759330604245776,0.5470011060907579,0.7927520184078821,0.4184135865139689,143.jpg,143,landscape
20,3.044522437723423,0.2627180989583333,0.07789876302083334,0.07726539624982486,3.1863932572915274,0.9314680989583334,0.5775459202262809,0.173720703125,0.078122124,0.34482366755164395,0.4916008253121199,0.7962577116431658,0.41698977371977836,1434.jpg,1434,landscape
28,3.367295829986474,0.4893391927083333,0.034310825892857146,0.09141418223409452,1.8498310782646135,0.8069498697916667,0.4971074783582379,0.14712565104166667,0.058882304,0.22759874573455607,0.404047894777431,0.834435359386939,0.40219974113839635,1449.jpg,1449,landscape
30,3.4339872044851463,0.20517903645833332,0.03397536892361111,0.05981960602145002,2.340833724366292,0.82455078125,0.45710634434056063,0.24314778645833332,0.110062584,0.2662402372435357,0.4693548335304267,0.8067247499471399,0.021227148147584224,1462.jpg,1462,landscape
22,3.1354942159291497,0.3039095052083333,0.020995945785984845,0.06349055753717928,0.9699775789414601,0.45102864583333335,0.465573174034393,0.286728515625,0.15875576,0.22338121009751083,0.5618994706385334,0.8003701498171982,0.14661494730499317,1465.jpg,1465,landscape
21,3.091042453358316,0.6967415364583334,0.06445607018849206,0.15362985247009525,1.7683034131419624,0.9377083333333334,0.5523243154838111,0.3529329427083333,0.23667073,0.28794176166670915,0.4660352071889002,0.7694423376845925,0.5025754794447215,1481.jpg,1481,landscape
33,3.5263605246161616,0.31063151041666665,0.031012863005050514,0.05982988996878788,2.463231235396566,0.8380501302083333,0.535517696445869,0.29470703125,0.17362195,0.2899214853426211,0.5045169914656275,0.814868091797394,0.2304723856361718,1482.jpg,1482,landscape
15,2.772588722239781,0.34296134478672985,0.05971958925750394,0.08993082532853637,1.7655488967102928,0.797659952606635,0.4421377554483653,0.18140921208530805,0.06526616,0.24845735837182728,0.5245624055321766,0.8605376087519323,0.18643806449577457,1483.jpg,1483,landscape
22,3.1354942159291497,0.2748795572916667,0.04201349431818183,0.07481135416479912,1.8966727391832139,0.8663020833333334,0.4448843615269573,0.193642578125,0.06849592,0.24494275331006368,0.5678118966910533,0.8409528425015217,0.258344095029241,1484.jpg,1484,landscape
12,2.5649493574615367,0.6278285435267857,0.08619966052827381,0.18974465320296177,0.9036791097369865,0.9867013113839286,0.5873054088949405,0.10906459263392858,0.04666193,0.3087196495124513,0.34319078572154393,0.6172913120871584,0.363489573531224,1490.jpg,1490,landscape
16,2.833213344056216,0.3891030365566038,0.054433455557193394,0.10583895453306448,1.3933448787173686,0.8252505896226415,0.44911533886191035,0.11623304834905661,0.040045936,0.2509970612730215,0.5861141760120476,0.8656888687076688,0.4515281361757537,1491.jpg,1491,landscape
41,3.7376696182833684,0.345435393258427,0.030484293642093718,0.07238917438850528,2.697420680491278,0.8980091292134832,0.46551411463590797,0.1266432584269663,0.050256982,0.23960735120028848,0.4825939814491017,0.8363566587231187,0.32106436087305723,1498.jpg,1498,landscape
24,3.2188758248682006,0.492646484375,0.04135769314236111,0.1108795366167752,1.5164230298956527,0.920400390625,0.5020173938715979,0.16350260416666668,0.06480576,0.2871338010589298,0.5463446788400773,0.8030445829667048,0.3239989224736573,1502.jpg,1502,landscape
23,3.1780538303479458,0.208046875,0.03210512907608695,0.05722628123651454,1.8085825987653954,0.6351920572916666,0.5237778345023096,0.28490234375,0.12531738,0.2279299804755986,0.39181980869648114,0.8089258430092358,0.1437787134654502,1509.jpg,1509,landscape
21,3.091042453358316,0.43288736979166664,0.05288643973214285,0.11110128690252905,1.7161243792588252,0.8830859375,0.4787607437053608,0.165751953125,0.07042423,0.33747724665171497,0.4442097878129145,0.7114959615650317,0.4920367818160627,1538.jpg,1538,landscape
22,3.1354942159291497,0.5571614583333333,0.05687573982007576,0.13235482286120992,1.6906341885909282,0.98451171875,0.4780221528735423,0.19474934895833335,0.07654473,0.32267760377424004,0.4856487371921617,0.7626189679554524,0.48497671818124305,1539.jpg,1539,landscape
54,4.007333185232471,0.370910290237467,0.02816202787550083,0.078033396896528,2.841651687631276,0.948540567282322,0.4885238707996218,0.1789330474934037,0.06055811,0.28877001817961645,0.568372746213091,0.7991743054141817,0.3914526530194506,154.jpg,154,landscape
24,3.2188758248682006,0.5638932291666666,0.03377061631944444,0.11248137988193378,1.1845563515348143,0.7877962239583334,0.4500734975389996,0.11196614583333334,0.042661153,0.1153180791050412,0.5406086346636542,0.8666008881816838,0.30366872054360106,1541.jpg,1541,landscape
30,3.4339872044851463,0.33200158227848103,0.027704641350210977,0.06964507478600787,1.6662497646461267,0.7778243670886076,0.5819214154290523,0.2711352848101266,0.10637418,0.2146885582074795,0.5680233363079343,0.8325037804677053,0.1186556111452212,1544.jpg,1544,landscape
21,3.091042453358316,0.535986328125,0.06283668154761904,0.1238774271561673,2.0084239046727093,0.9658561197916666,0.5084973006094833,0.23444986979166665,0.086298786,0.29558349345881535,0.4949978764340998,0.7484345782692379,0.31381991924345737,1546.jpg,1546,landscape
16,2.833213344056216,0.3331637880562061,0.06283070477166276,0.08832731608106477,1.9899334928190167,0.9189732142857143,0.5057051808137515,0.0824648711943794,0.032733854,0.3155588673376969,0.39870917712070997,0.765848900629459,0.3619711584834295,155.jpg,155,landscape
31,3.4657359027997265,0.3050032552083333,0.027597866263440858,0.06397512776208979,2.0037583604700036,0.79689453125,0.4814690245170027,0.190625,0.063359626,0.2516607808152307,0.49474770208163943,0.7889941322804063,0.35030135020331166,1551.jpg,1551,landscape
66,4.204692619390966,0.2616013791079812,0.010423224320671503,0.03422628181234654,2.063583570293186,0.5590925762910798,0.3963943731638079,0.15465448943661972,0.05613975,0.20104151996348868,0.44853729265710196,0.7607090754481557,0.4421836470845868,1561.jpg,1561,landscape
29,3.4011973816621555,0.9128146701388888,0.07407582016283523,0.19763729194738694,1.7691537938982205,0.914794921875,0.5272961023933328,0.07742513020833333,0.050958082,0.22944700066632223,0.466150568913176,0.8399090430239654,0.7119561811684608,157.jpg,157,landscape
13,2.6390573296152584,0.7601635856807512,0.14977597959552183,0.2315775316126444,1.6873569723739463,0.9805971244131455,0.4816247727751234,0.1552156690140845,0.055213276,0.21019120414865256,0.5256278497326737,0.8271345061569276,0.6207099940775785,1570.jpg,1570,landscape
11,2.4849066497880004,0.4120124385749386,0.12587391110118384,0.1485778018684824,1.8376088801002102,0.981015816953317,0.5637758542857372,0.17330697174447174,0.05730049,0.24368921352962816,0.38937683641375753,0.7158853678695559,0.4342717012169716,1574.jpg,1574,landscape
18,2.9444389791664403,0.34057036713286715,0.0522000857938358,0.10510077796845675,1.556188794234749,0.9030193764568765,0.4492405789525441,0.19835008741258742,0.057056732,0.21313769146349903,0.5335135432012137,0.8511577496958151,0.47605330128768947,1578.jpg,1578,landscape
25,3.258096538021482,0.2878430787589499,0.04328744033412888,0.07056737866528988,2.3658133366337273,0.9437127088305489,0.5665533413870745,0.19618138424821002,0.07179647,0.2959452033160388,0.4761851120644351,0.8305186316969679,0.2710219595635686,1579.jpg,1579,landscape
7,2.0794415416798357,0.31430523028883683,0.08785163655626184,0.10449132038315095,1.1006980174253014,0.6148842050481395,0.5678331345850798,0.029176424668227948,0.03678603,0.2967893872033671,0.33370467844534507,0.4512361871947039,0.2181916821756628,158.jpg,158,landscape
24,3.2188758248682006,0.5242057291666666,0.062384575737847225,0.13961759329635273,1.8087700209979176,0.94826171875,0.5853710568898798,0.040608723958333336,0.025069509,0.16283570635651726,0.556736912960644,0.8330186930709945,0.5065309905771691,1581.jpg,1581,landscape
66,4.204692619390966,0.3869953165374677,0.01626818083940177,0.05738581322162773,2.3484730692689846,0.8801195090439277,0.4936589626857282,0.24614421834625322,0.0961777,0.19716462947361663,0.5603366317417287,0.838463259248806,0.4309456116023252,1588.jpg,1588,landscape
19,2.995732273553991,0.3269515174897119,0.03874459368908382,0.08143053707761164,1.507348868634895,0.7102944958847737,0.5792594397387192,0.13978105709876543,0.06570451,0.3202695772260869,0.5203275870876287,0.7630012163776823,0.3074464286050029,159.jpg,159,landscape
39,3.6888794541139363,0.4172613770685579,0.029042401648784626,0.07422204836865932,2.47758062557496,0.8569111997635934,0.4093144776871127,0.16438755910165484,0.06347046,0.310319420247909,0.5593373461164809,0.8251241684258687,0.27360817396833337,1590.jpg,1590,landscape
44,3.8066624897703196,0.3633190203562341,0.020730594349988436,0.06440192414425525,2.039818364918599,0.7780057251908397,0.5179491151561573,0.096091762086514,0.056382053,0.22656652797971708,0.3953536973524921,0.7176767676094516,0.2869495124356483,1595.jpg,1595,landscape
36,3.6109179126442243,0.28389322916666665,0.027646755642361114,0.05856801496765047,2.332612677293399,0.897255859375,0.464212354454127,0.22177408854166666,0.0837503,0.27686254781080216,0.589335703545568,0.8668162185341124,0.3749156199585008,1604.jpg,1604,landscape
41,3.7376696182833684,0.22471867396593673,0.014708140466441161,0.038283653023584045,1.704426256242132,0.551585310218978,0.4892861574176609,0.19895833333333332,0.0803777,0.257558544531388,0.5656717813210587,0.8798602321008162,0.04351994777501785,1606.jpg,1606,landscape
41,3.7376696182833684,0.37274739583333333,0.020667794080284553,0.06742044213360268,1.7439559958528523,0.77541015625,0.5436814687024889,0.19028971354166666,0.113164954,0.26748621036030534,0.6367513087522287,0.8518049142397064,0.3238044595989176,1613.jpg,1613,landscape
33,3.5263605246161616,0.34369239631336407,0.027594893345901417,0.0615050809369836,2.164798510202466,0.7589141705069125,0.5415075247675907,0.18037874423963135,0.06583215,0.20522513002754422,0.5609083793911014,0.810371952825591,0.2102765831683835,1619.jpg,1619,landscape
21,3.091042453358316,0.5476397833723653,0.05006743476078955,0.13074470174424133,1.3383016795048575,0.9846531030444965,0.49740061807678926,0.14878512880562061,0.04043894,0.26540213568986215,0.51118413152794,0.8190433870945376,0.5066362579902749,1639.jpg,1639,landscape
26,3.295836866004329,0.5502349213286714,0.03669584622108661,0.11134704064539795,1.3485685598206043,0.8976398601398602,0.48427008891752754,0.06586538461538462,0.038121082,0.2887605123149683,0.6412427692842181,0.8049763950992901,0.44865112899184606,164.jpg,164,landscape
20,3.044522437723423,0.5464338235294117,0.06904375,0.15929776937917015,1.3881096055775362,0.9847389705882353,0.4977999229417286,0.10773161764705882,0.039100822,0.25796561474718144,0.4967503134319508,0.7990889276137563,0.5161475503809285,1642.jpg,1642,landscape
34,3.5553480614894135,0.29864583333333333,0.02790163526348039,0.06497356491459477,2.1408414065987733,0.82849609375,0.4784624064386702,0.14939453125,0.063983545,0.2898422513036243,0.4569845819657562,0.8256012930341883,0.3831609115882401,1647.jpg,1647,landscape
33,3.5263605246161616,0.3147330729166667,0.02735943418560606,0.06749498263013216,1.8962809157720482,0.851845703125,0.4854018782697467,0.149736328125,0.0493946,0.20169905139979294,0.5508257345080727,0.8556508014502023,0.49487896868165154,1663.jpg,1663,landscape
22,3.1354942159291497,0.27533528645833333,0.03994066642992425,0.06511877706511297,2.019867408717759,0.8151204427083333,0.4749815543120187,0.35556640625,0.13386847,0.2235647249516465,0.4042163958371334,0.7871534000097665,0.3440882134341095,1669.jpg,1669,landscape
26,3.295836866004329,0.405400390625,0.04077937199519232,0.09162735712464924,1.9679662254620378,0.8190364583333334,0.5360769801093579,0.12365234375,0.038387235,0.1611582370760158,0.45182961819622197,0.8235956802721941,0.2849216390563379,167.jpg,167,landscape
16,2.833213344056216,0.137509765625,0.0366363525390625,0.041081765182961236,1.5778756965068466,0.5276529947916667,0.5247287884586259,0.2854817708333333,0.1332553,0.2647474397389116,0.4900823581297873,0.8189479524455084,0.09516604219983611,168.jpg,168,landscape
16,2.833213344056216,0.46396809895833335,0.06449808756510418,0.13666221768524206,1.3583167215506018,0.9684375,0.6100828428055531,0.09418294270833333,0.038306344,0.30664864971371825,0.5462995585717643,0.7774714617031627,0.5123847870555517,1693.jpg,1693,landscape
39,3.6888794541139363,0.363598733281893,0.030138860036140126,0.06812663668473995,2.5551192940712553,0.9388985339506173,0.5859470873842599,0.21797437628600824,0.08407315,0.2708227764207089,0.5227844727346381,0.8666059459907755,0.1511624850369376,170.jpg,170,landscape
16,2.833213344056216,0.4890588061465721,0.11276134013002365,0.12473406225349541,2.986554853750988,0.9725989952718677,0.47001112623176544,0.20260047281323876,0.07748324,0.2755200040845952,0.41059827115849795,0.6447795228900154,0.3480671677202574,1702.jpg,1702,landscape
18,2.9444389791664403,0.8010677083333333,0.11455602575231483,0.2110386200142393,1.9991230079436093,0.9857421875,0.5669842983865274,0.223994140625,0.06860702,0.24823639196562552,0.5835677779453081,0.8381134885931956,0.6177750509033619,1705.jpg,1705,landscape
73,4.30406509320417,0.2894140625,0.013640928224885844,0.03587733266260649,3.068381460249682,0.825419921875,0.5354012595566244,0.17979817708333334,0.07070658,0.3263418225310866,0.5400560061650117,0.8522713417611302,0.27496673659995324,1708.jpg,1708,landscape
51,3.9512437185814275,0.1862354614676596,0.029293225113658547,0.04167921368468739,4.10212283593982,0.9140825035561878,0.5163545203789168,0.16895238892142916,0.059468422,0.2468625815780851,0.5263601449118911,0.8140241573794177,0.28718364523934736,1711.jpg,1711,landscape
36,3.6109179126442243,0.379140625,0.03859664351851852,0.07899349919858173,2.8598914594476765,0.7348404947916667,0.44993480928814145,0.11152669270833333,0.048204087,0.30438379614244293,0.46325587126980344,0.7438132794343078,0.5268240067377251,1714.jpg,1714,landscape
47,3.871201010907891,0.37691695601851855,0.01965916677611418,0.05940760196936476,2.1430845621265195,0.7139877507716049,0.4935852196368845,0.2339449909979424,0.08052851,0.18592053656676946,0.507793302944634,0.8550287085552508,0.2915723383784768,172.jpg,172,landscape
18,2.9444389791664403,0.481163578539823,0.0770881345255654,0.15681549479706924,1.5410192742293132,0.9541413163716814,0.5760154622608116,0.13781803097345133,0.04808227,0.3013353063250301,0.5530396366281535,0.8442781914407237,0.48073022538118115,173.jpg,173,landscape
52,3.970291913552122,0.6222762762762762,0.021160891660891665,0.09775996472727275,1.2986334132803767,0.991027027027027,0.5248004880204821,0.12496696696696696,0.06840561,0.16286399286973216,0.5916681864796073,0.8544034483772541,0.3406691559836282,1752.jpg,1752,landscape
8,2.1972245773362196,0.6996407407407408,0.15249074074074076,0.2267855947004766,1.149885911873528,0.9858444444444444,0.5877246031167622,0.19357037037037036,0.050944917,0.27666480227992224,0.5958749581347479,0.7814778519053369,0.5172824445982394,1757.jpg,1757,landscape
23,3.1780538303479458,0.33971077127659577,0.03460482192414431,0.0727103399635152,1.7235219601560396,0.6567071143617021,0.4649835499169602,0.21368018617021275,0.08538552,0.3165401881516659,0.40329589641327623,0.7773961166527094,0.3557431629836551,1761.jpg,1761,landscape
60,4.110873864173311,0.2819151515151515,0.010240808080808081,0.03935795599587778,1.5819841600498508,0.5576060606060607,0.554249261117688,0.2906,0.105069004,0.23538560384871246,0.6094012109528669,0.83847796898638,0.16609910485799315,1762.jpg,1762,landscape
17,2.8903717578961645,0.3301054852320675,0.06046165301563664,0.10108782408133349,1.9310568523730849,0.9671888185654008,0.5168910069854691,0.06565928270042194,0.036527827,0.3512199886235353,0.3856792055414092,0.6658366039436819,0.40609143420111815,1764.jpg,1764,landscape
46,3.8501476017100584,0.35085925925925926,0.0241511272141707,0.070504279103279,2.0879893486803596,0.9053481481481481,0.4164936241245417,0.19703333333333334,0.07779106,0.2709108692933808,0.6009035837083333,0.8400943789759613,0.3723350150041942,1766.jpg,1766,landscape
28,3.367295829986474,0.40507161458333335,0.029159574962797623,0.09752329769268907,1.0485573592050148,0.7866536458333333,0.4425619672293555,0.1628515625,0.055272706,0.35833081290438573,0.65440486124521,0.8575083000886732,0.3605105153753054,1769.jpg,1769,landscape
8,2.1972245773362196,0.45211354408352666,0.1762026899651972,0.17127004724916478,1.6732051109672845,0.9692249129930395,0.49497062848273554,0.20514428654292344,0.11218744,0.2893509606174953,0.4404465481343772,0.7160320287002404,0.4218455636327758,177.jpg,177,landscape
32,3.4965075614664802,0.37909104215456674,0.026489772394613583,0.07362174490950033,1.72093646819068,0.7899516978922717,0.5616188183547235,0.14330357142857142,0.04974909,0.312543796983993,0.5355603319137607,0.83404662859862,0.2222110719959134,18.jpg,18,landscape
25,3.258096538021482,0.3111129158004158,0.03415878378378378,0.0718782946184779,1.7523691303994857,0.7668269230769231,0.4452934823908965,0.17333030145530146,0.053323254,0.2570708044729435,0.5986529239438987,0.860552754043169,0.2552302778261464,187.jpg,187,landscape
25,3.258096538021482,0.641103515625,0.05564960937499999,0.14137053212202488,1.9293594685137103,0.8788704427083334,0.563155900358653,0.314189453125,0.13554485,0.20232848852769542,0.5644353835565661,0.7759853436817981,0.4613932413003042,188.jpg,188,landscape
21,3.091042453358316,0.20552408854166668,0.029449714781746034,0.060792353650731906,1.2888209603176792,0.6175227864583334,0.4497536044727808,0.23829752604166668,0.10869877,0.2800934592268548,0.5893566850154065,0.8565965709301679,0.1807811452751782,189.jpg,189,landscape
23,3.1780538303479458,0.17456820843091334,0.03218406348640667,0.044736880305320546,2.027202259172505,0.6131367096018735,0.6467881029082647,0.2283445550351288,0.12374861,0.2806059979650423,0.5621673488327505,0.8070658933564426,0.36649141089513027,190.jpg,190,landscape
7,2.0794415416798357,0.5231242629716981,0.16586821933962262,0.19763053191802774,1.2017749562539346,0.9545437794811321,0.5343913534150075,0.04024174528301887,0.022259364,0.16628355128543246,0.44292631265531235,0.7767871958522756,0.40790435103921485,191.jpg,191,landscape
40,3.713572066704308,0.213427734375,0.025945963541666665,0.046763217075377506,2.7144623238490304,0.7787076822916666,0.5376091317246668,0.18933919270833333,0.07640879,0.2852211476092869,0.5011471740258109,0.839062846648432,0.26068053858195844,192.jpg,192,landscape
21,3.091042453358316,0.6940653054739017,0.04908087331222312,0.15446990725724388,0.9531457272309437,0.9917216175419084,0.4518061484193383,0.19089536823706998,0.049595334,0.2513655744405556,0.6822074943723775,0.8516080066222813,0.3895703063087253,196.jpg,196,landscape
42,3.7612001156935624,0.4953385416666667,0.02294580853174603,0.07813808208093063,1.9577217949919201,0.8653255208333334,0.5287116327783216,0.21148111979166667,0.07759087,0.28873798554763247,0.5513101199791987,0.821247055364319,0.41442237455104336,197.jpg,197,landscape
27,3.332204510175204,0.38414481026785713,0.0507895171957672,0.08284484449762117,2.8599946693729255,0.8765415736607143,0.5288694102549841,0.143017578125,0.055573344,0.2208738998286853,0.5600053216821467,0.8089258430092358,0.3019092259067631,205.jpg,205,landscape
50,3.9318256327243257,0.3444684519754768,0.01582531505449591,0.050111463218103225,2.0529834647012626,0.6838279121253406,0.48833339610527093,0.2037423365122616,0.07602797,0.2294811090329711,0.5931830918806481,0.8145652855623509,0.21659494510575097,206.jpg,206,landscape
35,3.58351893845611,0.19611387587822013,0.018894174473067914,0.036664350214456756,2.000528995125063,0.5085772833723653,0.5428081005766741,0.227850556206089,0.063303255,0.27181807541514996,0.4998708831623212,0.784414432830258,0.6732594385233993,21.jpg,21,landscape
10,2.3978952727983707,0.5600479458722741,0.130607476635514,0.19552922154412866,1.3108115388655266,0.9073330412772586,0.6250066087507448,0.13679784852024923,0.045889176,0.2257764317513362,0.41916750840991374,0.5875644763864619,0.5254575496012938,210.jpg,210,landscape
39,3.6888794541139363,0.2763216145833333,0.03393479567307691,0.06737093080274904,2.896341095255155,0.88365234375,0.4922171978313735,0.13916666666666666,0.058358986,0.2935239771121751,0.5361294994296942,0.8854452252668256,0.2522587965030021,212.jpg,212,landscape
26,3.295836866004329,0.3711622115748329,0.03967285748232349,0.0828768806970697,2.121521153719817,0.9408689005169588,0.4338889568516754,0.18342185726894464,0.11566422,0.36062895161930736,0.5744692112663382,0.8454610501159724,0.6041601798038629,214.jpg,214,landscape
17,2.8903717578961645,0.24457526408450705,0.039430362814139745,0.0643292897664876,1.5175524618283454,0.6613446302816901,0.5417796373621548,0.228125,0.07190319,0.2364144017497045,0.5496244316029262,0.8370149302997012,0.2685582199689554,218.jpg,218,landscape
37,3.6375861597263857,0.33780899592252805,0.02922059100384789,0.06870778154325469,2.219997302551488,0.8252049354400272,0.5032583539994967,0.13257624023105674,0.056815065,0.25275860963850477,0.5652685776009253,0.8872123787865864,0.32132929445006536,219.jpg,219,landscape
27,3.332204510175204,0.40557291666666667,0.0387132282021605,0.0868572835278051,1.9085362410258695,0.9409798177083334,0.5539655911958767,0.07476236979166667,0.031165205,0.2565662922893506,0.6454162773329876,0.8202020201250877,0.18835637558521967,222.jpg,222,landscape
19,2.995732273553991,0.6489528966597077,0.10392985660916382,0.172777298652149,2.330023267598393,0.977945589770355,0.5191846631943746,0.19516570981210857,0.073565304,0.2769209801332556,0.47008812496005076,0.7642377265301356,0.4362753757799271,226.jpg,226,landscape
16,2.833213344056216,0.43131184895833335,0.08404215494791667,0.13152482726707265,2.0695050851704426,0.9783528645833334,0.5291071610838297,0.13642252604166666,0.04989397,0.25302613262872703,0.4511123019172105,0.8425837047160124,0.4719973492199401,235.jpg,235,landscape
10,2.3978952727983707,0.5917374121779859,0.0992088700234192,0.18808359667936123,0.9365137777598148,0.9831894028103044,0.6502174980450216,0.08596311475409836,0.031366546,0.2639591836194905,0.5686981831690202,0.8387376027584743,0.5293551341552116,24.jpg,24,landscape
20,3.044522437723423,0.3668384655532359,0.06750766570981212,0.10704318221060061,2.2376224968325427,0.950606732776618,0.574060824972474,0.08318763048016702,0.029881,0.16819136007676444,0.4252792822337203,0.8508427712557666,0.458482001605772,243.jpg,243,landscape
24,3.2188758248682006,0.5207877604166666,0.04193915473090278,0.1177259246204828,1.4147108575378142,0.9579069010416666,0.5473638473521412,0.04783203125,0.02863873,0.20427823305945383,0.6110368595684713,0.8411566656707729,0.3257124431046894,245.jpg,245,landscape
12,2.5649493574615367,0.42958829365079365,0.06524160879629631,0.12405514607099362,1.1748291208631985,0.7789806547619048,0.49143238156135327,0.2415922619047619,0.06082643,0.22432365095347553,0.41945748958404505,0.810437438488455,0.35842654599078433,247.jpg,247,landscape
10,2.3978952727983707,0.30600911458333335,0.06208138020833335,0.11737180870483539,0.8577003173834393,0.616455078125,0.6955366373947557,0.25001627604166665,0.10395634,0.2845673842173515,0.4675266460387964,0.8195183890072346,0.35138762998644696,249.jpg,249,landscape
34,3.5553480614894135,0.30107947892271664,0.029459442588510815,0.0589466437838951,2.422938733411719,0.7921179742388759,0.4738551636979127,0.10063305035128806,0.043161683,0.1999774233317466,0.49487150785172296,0.8160920970583316,0.18939906896635725,25.jpg,25,landscape
45,3.828641396489095,0.2833507488679902,0.016086995433259803,0.04960192376465899,1.7415512917663172,0.6969914663880181,0.5749551825250098,0.1786126349703936,0.09724543,0.3579630658190523,0.6302519549992841,0.8517722139369406,0.2200553052335407,254.jpg,254,landscape
23,3.1780538303479458,0.36064778645833334,0.06109077785326087,0.0880876612085388,2.721098615374487,0.8338834635416666,0.4143966679160136,0.25522786458333335,0.06716642,0.13896538598998617,0.5217195093241367,0.8646804007287652,0.3239087206527103,257.jpg,257,landscape
15,2.772588722239781,0.39149088541666666,0.09577300347222222,0.12438508511886857,2.1356090702841453,0.9144661458333333,0.4686245048620006,0.17056640625,0.06742988,0.29315411727485025,0.555572989315348,0.8033093205411329,0.43781774512070437,258.jpg,258,landscape
44,3.8066624897703196,0.1623292525773196,0.017557477155576387,0.03251386066379938,2.304238383240077,0.6675579896907217,0.4195592125931483,0.2567139175257732,0.12619945,0.28990592616040145,0.5212150382788855,0.779846127952274,0.05561833567822947,259.jpg,259,landscape
29,3.4011973816621555,0.3655911049612395,0.0336113111217853,0.08988596045375828,1.5446600471046235,0.9360709946993675,0.5356312845044684,0.18404580443771348,0.08537165,0.31222798396273965,0.5165445234002712,0.7953589909308333,0.4191780618020446,260.jpg,260,landscape
25,3.258096538021482,0.13981770833333335,0.016620833333333335,0.03004273371776248,1.3013498337017804,0.3050260416666667,0.4305587621201368,0.21490234375,0.13349134,0.32790526454608704,0.46666508820030744,0.7842358780757952,0.43039463072063255,261.jpg,261,landscape
10,2.3978952727983707,0.7118021048339831,0.11891101597737175,0.2161877046980154,1.0784208240124515,0.985901944295798,0.43230791702358873,0.08228856101725149,0.03604179,0.1730673432107538,0.4723635430693377,0.6447098154024716,0.5090976180405623,266.jpg,266,landscape
20,3.044522437723423,0.38716334894613585,0.05852770052693209,0.11215311446473006,1.9870314268770333,0.9742096018735363,0.5408925985554927,0.09792886416861826,0.03725969,0.22063926032317477,0.4984596316542776,0.8316309793586908,0.4489942442399248,274.jpg,274,landscape
39,3.6888794541139363,0.46017578125,0.03205144898504274,0.08803828741727696,2.1482690394187838,0.944130859375,0.456093487099994,0.29828450520833333,0.12458455,0.2537151732573928,0.5874571619087391,0.8243526539936213,0.470961280780721,275.jpg,275,landscape
25,3.258096538021482,0.3258365885416667,0.033050781249999994,0.08203472400361267,1.590835927797261,0.7115885416666666,0.49563504909885436,0.137880859375,0.046634946,0.3527075900871179,0.5786820393715216,0.8112473039107896,0.25168974136655203,277.jpg,277,landscape
33,3.5263605246161616,0.2544149709302326,0.020714521670190274,0.05036587104889477,1.7016063346638084,0.6533938953488372,0.5016777916890875,0.19298328488372093,0.064065434,0.1972922845269491,0.6413104597996095,0.8349467824386131,0.115156095204807,284.jpg,284,landscape
25,3.258096538021482,0.298291015625,0.04131184895833334,0.08389053432824188,1.9943630885683972,0.9011555989583333,0.4569139329733144,0.10978515625,0.037210148,0.2596455728469886,0.5447018741648911,0.8458348600176385,0.4809274241559341,288.jpg,288,landscape
10,2.3978952727983707,0.9895442708333333,0.20048372395833333,0.3255985635782258,0.8680224094880908,0.9917447916666666,0.5146187627106971,0.034899088541666665,0.019980825,0.28386720214411726,0.5188057136182841,0.805052150614724,0.6707254049666861,291.jpg,291,landscape
37,3.6375861597263857,0.24260831381733022,0.03110086081397557,0.05272959626490128,2.877190350334107,0.9345286885245901,0.511904693327016,0.10640734777517565,0.036832564,0.21236613313988958,0.5450321535318704,0.8171522854600453,0.26770712489149484,293.jpg,293,landscape
17,2.8903717578961645,0.43049253512880564,0.07209197203471554,0.1272467636774444,1.8726119471730471,0.9312134074941452,0.5325766095631943,0.14116290983606558,0.058948733,0.16321810176114906,0.5561670404718612,0.8559919970227559,0.2621016758647875,296.jpg,296,landscape
27,3.332204510175204,0.6016471354166667,0.037459370177469135,0.11786022669716645,1.4738732224673323,0.9301041666666666,0.4592726302221606,0.25501953125,0.09862331,0.2448482948351183,0.5476949567722166,0.8202020201250876,0.3396055360576223,3.jpg,3,landscape
22,3.1354942159291497,0.4330973535099463,0.042967506211451206,0.10078592895363452,1.5676678010318663,0.9145164780180399,0.5860472464866205,0.23942485834448998,0.083363555,0.2178452059217151,0.47362773318079177,0.831650461785227,0.39697720499290373,304.jpg,304,landscape
26,3.295836866004329,0.2016076444622793,0.0237199422768243,0.05429962960216573,1.4027854312757313,0.4521844903691814,0.47874304030497017,0.1768258426966292,0.07394284,0.2936463171846262,0.5885349394043397,0.8004075660754555,0.39931113701034054,308.jpg,308,landscape
52,3.970291913552122,0.3490083430913349,0.01110864033507476,0.04769323943629152,1.4464846383662346,0.530708430913349,0.5487338706994102,0.15900541569086651,0.051707506,0.26831464698082463,0.5870270353582857,0.8572568253872993,0.2308209329369276,309.jpg,309,landscape
30,3.4339872044851463,0.3263100117096019,0.03068964676034348,0.0711642317979053,1.9419874305906208,0.8153322599531616,0.4777770514357429,0.054127634660421545,0.02695387,0.26504644511158276,0.577298122944402,0.8264477024245983,0.3359912905563707,31.jpg,31,landscape
36,3.6109179126442243,0.354501953125,0.024891493055555557,0.07999264211579374,1.5666051523218048,0.8718684895833333,0.5314107317434582,0.097568359375,0.046917286,0.2248519344477017,0.558531541917279,0.8752551933958883,0.29503094862212387,317.jpg,317,landscape
39,3.6888794541139363,0.5018522135416666,0.030148904914529914,0.09513863831385767,1.9776397712576903,0.98685546875,0.4423223954273027,0.121640625,0.041735396,0.2684115148361327,0.5201068463142728,0.8598880704404595,0.3849113535250292,327.jpg,327,landscape
34,3.5553480614894135,0.482548828125,0.030944680606617644,0.10401683588049399,1.4814049084836252,0.95580078125,0.5488877499423821,0.17661783854166666,0.049327478,0.300722048870985,0.5419474074922749,0.8506355127807154,0.3278480657283473,329.jpg,329,landscape
33,3.5263605246161616,0.4050570843091335,0.02588099230004968,0.08051507236432495,1.4925447529271818,0.8312902517564403,0.5828839702603975,0.07319598946135832,0.03365597,0.28466553292311575,0.5293599256769078,0.8580451778079621,0.36277658326692946,33.jpg,33,landscape
51,3.9512437185814275,0.46898763020833334,0.017387280433006535,0.06626379777841261,1.9321807444890673,0.74470703125,0.47246278919997975,0.097236328125,0.039038118,0.20330218601944045,0.5577093754722257,0.8470190046797205,0.16018268516543568,335.jpg,335,landscape
23,3.1780538303479458,0.44774224238875876,0.036928520517258936,0.0927662808624127,1.5532429107343366,0.7988729508196721,0.5485927771947938,0.2631806206088993,0.08822858,0.195026432625446,0.3646740113964858,0.7553373963701834,0.21644216248955664,338.jpg,338,landscape
17,2.8903717578961645,0.2603007903981265,0.06985208017633283,0.08760199170710013,2.265282140791385,0.962675644028103,0.4885424784883038,0.18508855386416861,0.058131125,0.1798834819854306,0.4711352787902371,0.7067463974420023,0.2980751192536024,342.jpg,342,landscape
16,2.833213344056216,0.42416449652777777,0.049251528139467586,0.11781462667420994,1.1097059233879232,0.767332175925926,0.5499764027531339,0.2036639178240741,0.107073456,0.18018095009928506,0.6037437441691295,0.856522430641953,0.4468324515372443,350.jpg,350,landscape
18,2.9444389791664403,0.34243369222689074,0.047213833450046684,0.09839788005605622,1.3745464020208606,0.8244912027310924,0.4198413788259867,0.20030856092436974,0.092946425,0.2956463309616688,0.511417066045444,0.7825611915812765,0.18985897052071685,352.jpg,352,landscape
25,3.258096538021482,0.8432585093896714,0.04039319248826291,0.1641451868495986,0.8601527289463099,0.9531800176056338,0.42345448423469634,0.09295041079812207,0.04442451,0.10070515372605086,0.5208831449487028,0.9085922293732758,0.38569071868804516,355.jpg,355,landscape
19,2.995732273553991,0.46449869791666665,0.055921566611842104,0.13811059290988617,1.2243900877920597,0.983173828125,0.42782279629198994,0.17558268229166665,0.0977226,0.18609854033105266,0.5130757276484292,0.7803484239247169,0.3253242246556444,357.jpg,357,landscape
30,3.4339872044851463,0.27421195652173913,0.029222599637681156,0.06766547205048436,1.8152728904773352,0.8347010869565218,0.47531992577318194,0.1556725543478261,0.054529373,0.3063349976389091,0.4713378515534055,0.815283334331949,0.5007251097023162,362.jpg,362,landscape
31,3.4657359027997265,0.021048177083333335,0.003871597782258065,0.004401530211929338,0.6062047073676095,0.116416015625,0.45016786426093647,0.35761393229166666,0.1512305,0.16335667040683052,0.5023394598232014,0.8322777828177086,0.08407797295323492,363.jpg,363,landscape
30,3.4339872044851463,0.8535910087719298,0.048596308479532155,0.16498008687985052,1.2016612852861437,0.9907949561403508,0.4668169320238347,0.28303179824561403,0.09715916,0.1925751105181753,0.4253931919692759,0.7854182161217911,0.6042489604886773,366.jpg,366,landscape
60,4.110873864173311,0.15418911637931035,0.008123278855363984,0.024163218732717474,1.6022525739870603,0.45135596264367817,0.4387853384138316,0.22800377155172413,0.091218345,0.24564731694725506,0.580477849551688,0.9217139931699821,0.2176616400330266,368.jpg,368,landscape
25,3.258096538021482,0.26787698412698413,0.052131349206349195,0.0829221735486003,2.5708637671879577,0.9556051587301587,0.47261903988619336,0.20443948412698412,0.0696322,0.25771346974572823,0.43165976494059544,0.7826977812752768,0.43216450378329546,375.jpg,375,landscape
68,4.23410650459726,0.2897289691943128,0.011714393992194034,0.03602940368955117,2.46557391984619,0.5950422097156398,0.4745535591684017,0.24751925355450238,0.10030329,0.29795121182681217,0.604924162751623,0.8688882892676709,0.3147631786269931,376.jpg,376,landscape
64,4.174387269895637,0.6907479508196721,0.0198095703125,0.08968022123591567,2.145156708074129,0.9631608606557377,0.49614366429577983,0.20188524590163934,0.06614228,0.2212971260683765,0.4832841505418033,0.7833210009531923,0.4126891766773107,379.jpg,379,landscape
37,3.6375861597263857,0.3323843676814988,0.03235657715678208,0.07802678836414453,2.3341770380450835,0.9160677693208431,0.5611367041080824,0.16401858899297425,0.072750844,0.2383800458086366,0.5864283278269418,0.8389436162569136,0.4817721880663634,388.jpg,388,landscape
15,2.772588722239781,0.656883050351288,0.06045935792349726,0.1681392395335332,0.7953534005442079,0.9028615339578454,0.4363489661079668,0.2044313524590164,0.055376243,0.2234868239676004,0.5252611075289465,0.8021093908642357,0.49157310190864295,391.jpg,391,landscape
16,2.833213344056216,0.9540800644028103,0.0639312243852459,0.22987447544625483,0.3878151627239048,0.9545594262295082,0.5283603986941056,0.30258343091334894,0.1433033,0.26656291532388043,0.5208094769685271,0.8370526134673572,0.4585776263086209,392.jpg,392,landscape
7,2.0794415416798357,0.53918720657277,0.14091947518443998,0.19645379638129457,0.9960262216901771,0.9777105340375587,0.5522418263547668,0.12866050469483567,0.03593177,0.2763162696240006,0.4197015384542858,0.7687583820232349,0.4642370781955141,408.jpg,408,landscape
17,2.8903717578961645,0.2494921875,0.0528042662377451,0.07227408835760288,1.9023561266991025,0.821875,0.39670292656353257,0.23177083333333334,0.099322215,0.27103030132429795,0.49205895566147206,0.783254325618754,0.3782286389439153,419.jpg,419,landscape
36,3.6109179126442243,0.3488249231557377,0.030130955430327858,0.0759293531546306,2.0933755247064174,0.9576652151639344,0.40563743910365,0.03830366290983606,0.030709205,0.22038572485346763,0.5117952895348277,0.8593766071092392,0.3366490424006677,422.jpg,422,landscape
22,3.1354942159291497,0.4225716145833333,0.05764973958333333,0.12132793100152198,1.9473444169610312,0.9526204427083333,0.4823081255891447,0.19054361979166667,0.08574555,0.25961433835537046,0.4287413630260447,0.7332215697643619,0.4763207855643022,431.jpg,431,landscape
26,3.295836866004329,0.31081705729166664,0.02815442207532051,0.06731148532024142,1.5951604637192047,0.70072265625,0.5793157931375212,0.23642903645833332,0.09984455,0.2535791643720681,0.5354552555595584,0.820213968094411,0.26491931054787526,435.jpg,435,landscape
9,2.302585092994046,0.3084309895833333,0.061497034143518516,0.10217610448143646,0.9367579449368721,0.5492903645833334,0.5564608214030142,0.20554036458333333,0.15345052,0.33095003305689347,0.4030314287747869,0.7696954673700115,0.37121339151016514,448.jpg,448,landscape
12,2.5649493574615367,0.16275065104166667,0.028580729166666666,0.04364775769491206,0.9322976262916635,0.303701171875,0.421976129582336,0.330546875,0.25960752,0.25963234162094717,0.5631023520515276,0.7853981633974483,0.13296284691778906,449.jpg,449,landscape
40,3.713572066704308,0.37237631733021076,0.03568940281030445,0.08629715055466514,2.719616103043543,0.9516430035128806,0.48426728498682814,0.13080357142857144,0.04755348,0.14325464834606244,0.4607576292874853,0.8092482821686501,0.3153859571588646,456.jpg,456,landscape
36,3.6109179126442243,0.44971354166666666,0.0255835865162037,0.08804149330418541,1.4244512474238396,0.8208365885416666,0.5502998941579939,0.172587890625,0.049861755,0.12235074200800974,0.5560931250900026,0.8084549933061541,0.32131531889387027,46.jpg,46,landscape
25,3.258096538021482,0.4028200075075075,0.06252533783783783,0.11384542560661329,2.4486509114117236,0.954954954954955,0.5495952659684076,0.11295045045045045,0.03908183,0.24493068134587795,0.5669227255480027,0.8476388622565182,0.38667513526250574,460.jpg,460,landscape
25,3.258096538021482,0.24073893229166668,0.03711184895833333,0.06082867770059127,2.1263600005998726,0.7570930989583333,0.5151838202557064,0.190595703125,0.07371787,0.19903460252609018,0.5398697822179239,0.8183414433621661,0.16084420273481045,47.jpg,47,landscape
25,3.258096538021482,0.33147786458333334,0.04969127604166667,0.08504788476186328,2.444858707062119,0.8993489583333333,0.5004634071354442,0.08352864583333333,0.042716328,0.31589118940157995,0.46332773941398836,0.8159048866788481,0.4890082627045502,487.jpg,487,landscape
10,2.3978952727983707,0.6047514516357456,0.17468913751593257,0.18072438361942236,2.1388422291622593,0.9803993768588019,0.5543990835695263,0.0307534343577397,0.01635661,0.27078407575441205,0.49306163973264755,0.8061450660379307,0.5081729272956629,493.jpg,493,landscape
24,3.2188758248682006,0.32695660237388724,0.038326649047972304,0.09149930269913187,1.4167545106371002,0.9084801557863501,0.5317053219344574,0.21717822700296735,0.100361854,0.211377484609155,0.572724160531081,0.8022430047240426,0.5355551639015411,497.jpg,497,landscape
38,3.6635616461296463,0.44450093283582087,0.027882585428122542,0.08494987854524236,2.0093543314072266,0.9255270522388059,0.5329174263403453,0.11976212686567164,0.03815411,0.19617138687680616,0.592969240712358,0.8287508676582749,0.3878799827814053,498.jpg,498,landscape
14,2.70805020110221,0.31178542122538294,0.09838890082838388,0.1080695013457372,2.3166040453142966,0.9460920404814004,0.4372746047533276,0.20815098468271334,0.06772971,0.18264784767759012,0.41203250267923286,0.6792606946970493,0.20034549382201391,51.jpg,51,landscape
43,3.784189633918261,0.22931059718969554,0.0126443276509994,0.03445908772062346,1.7323541943207765,0.43929303278688525,0.5033863414414151,0.2144320843091335,0.06464644,0.23939129143506224,0.4844274066630637,0.8216664831912016,0.16611355011671455,512.jpg,512,landscape
34,3.5553480614894135,0.2278651932084309,0.024166336616613857,0.047748882345793664,2.152130760735526,0.7049363290398126,0.4448813583106417,0.18857216042154568,0.058873076,0.2096350884094045,0.534593510338144,0.7985942095055579,0.20091575480585022,517.jpg,517,landscape
47,3.871201010907891,0.22029622395833334,0.018408272384751772,0.04450247706623518,2.259656398540995,0.8228743489583333,0.5593904936521891,0.19914388020833335,0.07923926,0.21694344528016016,0.5260578152017078,0.8421087451277227,0.19579139409459748,519.jpg,519,landscape
51,3.9512437185814275,0.22948990046838408,0.02620037769206043,0.050294938632132635,3.3888240936929295,0.9066451990632318,0.47709567372746564,0.21418325526932083,0.07981751,0.24791386441979613,0.5824096090543787,0.8266368980842573,0.20545096690143413,52.jpg,52,landscape
22,3.1354942159291497,0.19884463028169014,0.05598241437259923,0.05334451732827263,3.033058447110604,0.9220400528169014,0.5634559650126392,0.21764964788732394,0.07830634,0.2737990539999763,0.48169190824329233,0.7307292816876326,0.1855147699008418,523.jpg,523,landscape
25,3.258096538021482,0.4280826822916667,0.035759765624999995,0.09793520077871862,1.4704372835143071,0.8290104166666666,0.5742043778378795,0.26568684895833333,0.10935598,0.16205363580533416,0.5866609084959671,0.8087715877140721,0.2719052675340777,526.jpg,526,landscape
25,3.258096538021482,0.29712565104166666,0.05807994791666667,0.0800997817391184,2.8671255946542074,0.8586653645833333,0.46864192959692585,0.218115234375,0.104170166,0.3033632903530522,0.42309739337867874,0.9128633418714199,0.33252706312345476,527.jpg,527,landscape
77,4.356708826689592,0.4228038413098237,0.017198949507671174,0.04859255850648539,3.8884864289782652,0.8839656801007557,0.48936847358854074,0.06396410579345088,0.029929176,0.3093624212759111,0.5809983486670306,0.868869472727901,0.31032915629382757,534.jpg,534,landscape
22,3.1354942159291497,0.25431966145833335,0.019068566524621213,0.05225520038850218,1.0397062968207027,0.3894140625,0.46437661033162614,0.2933658854166667,0.13973403,0.2654170337601889,0.3825249418224004,0.7661689053756215,0.12100550228128713,537.jpg,537,landscape
38,3.6635616461296463,0.48914300351288054,0.029438670960187357,0.08040224995656907,2.280586588311535,0.8832955210772834,0.4858688092527682,0.26682523419203746,0.093943566,0.2009357523322372,0.532503241796353,0.8239925431649509,0.16611557058269472,544.jpg,544,landscape
32,3.4965075614664802,0.3179852166276347,0.026890460333723654,0.06333147217392252,1.8897904850589184,0.7728995901639344,0.4603457896692087,0.13331381733021078,0.04223254,0.2725452497779114,0.5243855986345527,0.8714646463829057,0.29977436749118935,546.jpg,546,landscape
20,3.044522437723423,0.1968345588235294,0.030227205882352948,0.05925031447701354,1.3442955364460625,0.5734963235294117,0.41312734428638787,0.3123455882352941,0.08820581,0.2292271125956955,0.5277438523400149,0.7261592769276379,0.09399523899242547,551.jpg,551,landscape
27,3.332204510175204,0.520224609375,0.04004786361882716,0.12117891006239855,1.4039252963786588,0.973056640625,0.5466849935201504,0.112724609375,0.03098284,0.26834100200702354,0.6501752069847408,0.8705066349709096,0.4776169843659228,554.jpg,554,landscape
29,3.4011973816621555,0.3021626170960187,0.03355860857627392,0.07465855173726267,1.97293809842059,0.8729654566744731,0.4688342089122749,0.1174838992974239,0.042278215,0.29132941577710403,0.6005133459920482,0.8241863882086824,0.22429909373225101,562.jpg,562,landscape
38,3.6635616461296463,0.41331967213114756,0.024025676383581905,0.07595722314322362,1.6870631702418513,0.8823587529274005,0.5362397511784447,0.18449575526932085,0.05935286,0.28831338942366974,0.5987141974189255,0.8275958206352405,0.3747423546266176,57.jpg,57,landscape
15,2.772588722239781,0.3240690104166667,0.05029014756944443,0.07936357509164739,1.6616649632701461,0.6128092447916667,0.31011145166071763,0.2765201822916667,0.1284557,0.3080223119288167,0.43456219281084774,0.7586336853095192,0.2066296388696824,571.jpg,571,landscape
9,2.302585092994046,0.6175162760416667,0.14806495949074075,0.20447463226263363,1.318908555621782,0.9886555989583333,0.4883446057666295,0.1158203125,0.03917101,0.338808103860694,0.5203262508792353,0.9039840503865334,0.4971144633835811,572.jpg,572,landscape
20,3.044522437723423,0.35348958333333336,0.047587890625000004,0.08959544278293753,1.7607078353133967,0.905439453125,0.45392097530660336,0.18144205729166665,0.0651466,0.21072724041830793,0.5105517034374452,0.8008118134926816,0.2643247132496965,575.jpg,575,landscape
24,3.2188758248682006,0.5040960065645514,0.04023081350291758,0.11223844709334968,1.2809499489770506,0.9459142505470459,0.4940047811933791,0.15508752735229758,0.05510978,0.14701969494901324,0.5307331615696967,0.8723578264207482,0.449243348544097,576.jpg,576,landscape
26,3.295836866004329,0.65955078125,0.053166441306089746,0.14634320091203323,1.4593178709329075,0.9883658854166667,0.45585396988116844,0.21754557291666668,0.062718235,0.3272223126156062,0.5875457339011807,0.8179409147846783,0.5350662684679872,577.jpg,577,landscape
21,3.091042453358316,0.5161295572916667,0.0788636222718254,0.13151629969452897,2.5079503897539324,0.980869140625,0.5250952017675808,0.17250325520833334,0.051844098,0.28481374288978867,0.46759917107932114,0.762958804864565,0.47493136461045954,578.jpg,578,landscape
21,3.091042453358316,0.5245776098901099,0.0736445251177394,0.15040495244654847,1.7525954827192067,0.9766689560439561,0.4954462910696952,0.10226991758241759,0.03340998,0.1254447545565076,0.4983164214764231,0.8349467824386132,0.5040531951575205,579.jpg,579,landscape
21,3.091042453358316,0.3218054742388759,0.03849827840972456,0.07620100897162727,1.6834487414552095,0.7981264637002342,0.42827034331682956,0.19784470140515223,0.06067456,0.16734217040361335,0.4961681716273355,0.7961890669765819,0.2151743892926282,58.jpg,58,landscape
14,2.70805020110221,0.31945638020833333,0.061392066592261894,0.09279192707330329,1.5898997000036044,0.8454134114583334,0.6059403171605928,0.15448567708333333,0.04711951,0.1848443075473388,0.36041438254142777,0.6190217022167198,0.42930001234803594,580.jpg,580,landscape
24,3.2188758248682006,0.24939285714285714,0.026125930059523808,0.05697660527975854,1.4327259407288155,0.5161339285714286,0.43400209752529595,0.23745089285714285,0.090834424,0.2603433915217171,0.5362748701504625,0.7991743054141817,0.15676540555016946,597.jpg,597,landscape
35,3.58351893845611,0.3257135538641686,0.03973768400802944,0.07575735712380581,3.031613171739478,0.9745865046838408,0.4215136530604332,0.2699282786885246,0.119500935,0.21368438558003564,0.5780545093302161,0.8757103572211223,0.3274998815871946,6.jpg,6,landscape
21,3.091042453358316,0.38619140625,0.04665085565476191,0.10688503029005879,1.6834183323174057,0.9230696614583334,0.5466124851169777,0.102421875,0.0599159,0.3051414236637909,0.5427165388581174,0.7888210661260209,0.3659843945602896,604.jpg,604,landscape
26,3.295836866004329,0.39638346354166665,0.034238281249999995,0.08193724972173384,1.7516358215497296,0.857958984375,0.5350435437017098,0.11590494791666667,0.052245405,0.3243769610067343,0.4650232262164202,0.7961300529143963,0.37646521754540685,607.jpg,607,landscape
54,4.007333185232471,0.2687134074941452,0.021407632383554514,0.04838179431297091,2.886953142532561,0.8774516978922716,0.5772256013311976,0.1623902224824356,0.05930404,0.17324503958826457,0.5599246712374989,0.8729412987211965,0.10851775537647794,61.jpg,61,landscape
31,3.4657359027997265,0.23996419270833333,0.0334692120295699,0.057034041192336626,2.6261208079052647,0.8448404947916667,0.48293433333778546,0.20027994791666667,0.13862108,0.29553848204306393,0.47769604615935995,0.8001457489427894,0.24686882951323605,615.jpg,615,landscape
32,3.4965075614664802,0.31055338541666666,0.027206319173177087,0.06838775401605797,1.8515617371009743,0.8100325520833334,0.5108318422638599,0.18614908854166667,0.0826683,0.2957501796675872,0.5733291488235037,0.853376016403369,0.3947294904936274,616.jpg,616,landscape
10,2.3978952727983707,0.3853992693110647,0.09999151878914404,0.11327443133907077,1.715770977352987,0.9296842379958247,0.4677028837280931,0.13495563674321504,0.065009624,0.1911103791692583,0.3446617455635896,0.588539495616511,0.4466640438635449,619.jpg,619,landscape
80,4.394449154672439,0.2698567708333333,0.006800496419270834,0.030083588326068916,1.713495422969872,0.4938020833333333,0.46658647444557144,0.219873046875,0.092591815,0.28264306872479583,0.6222287011697769,0.8554386643737528,0.1353400648479151,62.jpg,62,landscape
44,3.8066624897703196,0.5515870570107858,0.02681518019730654,0.09618879993905756,1.5740478069864334,0.9831697116442879,0.43537801268194376,0.2841338322694255,0.15411666,0.27439535133617304,0.6730249240689193,0.8842015650394959,0.37171346815860656,621.jpg,621,landscape
47,3.871201010907891,0.5993586753731344,0.025959547343071876,0.09384061169589135,1.9993457368264884,0.7600668532338308,0.5181278029023073,0.23551772388059702,0.12460792,0.2654269501491521,0.6243711851510685,0.7865176445871949,0.5722705228882421,623.jpg,623,landscape
24,3.2188758248682006,0.29348958333333336,0.04744913736979167,0.07712320963577447,2.325380446158908,0.8671614583333334,0.5480704782771357,0.03021484375,0.022051139,0.4038062420470227,0.5125516709569122,0.7793908465500508,0.4149998040927379,63.jpg,63,landscape
17,2.8903717578961645,0.5060774739583334,0.0532657398897059,0.11872174831939643,1.4592478786228,0.8881966145833333,0.5380972507262372,0.06624674479166667,0.031010443,0.1664036404587085,0.4427009580751892,0.7195429216672141,0.3103481906255357,634.jpg,634,landscape
48,3.8918202981106265,0.4585319010416667,0.02656500922309028,0.06907162109271028,2.9445553214809292,0.92857421875,0.5393005734229732,0.034130859375,0.023237308,0.1933722741437004,0.5419624851203766,0.8327098929403656,0.4138498608126429,638.jpg,638,landscape
13,2.6390573296152584,0.9629752604166667,0.15331755809294872,0.29037129099453424,0.968419041684107,0.9889908854166667,0.5004538409599946,0.11599609375,0.040293593,0.12440861574247912,0.5659733108134554,0.8522713417611302,0.655510852159235,642.jpg,642,landscape
33,3.5263605246161616,0.5077994791666667,0.031390269886363634,0.10484360389910392,1.4527410844062942,0.93599609375,0.4858765773453658,0.13145833333333334,0.043144528,0.3424202163734388,0.6479885357503054,0.8376935441188528,0.38738226094917355,644.jpg,644,landscape
16,2.833213344056216,0.47834635416666665,0.0815826416015625,0.14390390681253343,1.7629757465766285,0.9286393229166666,0.4479742673307674,0.0503515625,0.025873952,0.25954851699585113,0.5574479268269807,0.7685623111275415,0.476564618594693,65.jpg,65,landscape
23,3.1780538303479458,0.4207421875,0.05100953917572462,0.09585325535338544,2.0700575639297396,0.9552571614583333,0.47590412628920487,0.111640625,0.03463523,0.20632365308821776,0.6014060259148638,0.8247242378912549,0.3638962041733773,661.jpg,661,landscape
26,3.295836866004329,0.43234913793103447,0.0438661858974359,0.09408708221250867,2.0029107440900398,0.9663793103448276,0.477525049832354,0.10316091954022988,0.03171314,0.13688934189233845,0.522403076415376,0.8093837573835281,0.35795739090577267,663.jpg,663,landscape
21,3.091042453358316,0.38587595733041574,0.046520559810357395,0.10983397478593349,1.3354380108487445,0.9606332056892779,0.3501305503296368,0.17357426148796498,0.0678171,0.22355456262237744,0.6325072124414347,0.8648925828053865,0.3509426959006305,665.jpg,665,landscape
9,2.302585092994046,0.25888997395833335,0.10610532407407407,0.10414879019729109,1.5573211195906145,0.8266145833333334,0.5136608141056288,0.14642578125,0.057364594,0.15969355500747676,0.4564625291048736,0.6629103478812148,0.3626799200150373,666.jpg,666,landscape
11,2.4849066497880004,0.41942890283842793,0.07580296000396985,0.14998073242678733,0.9401907376445048,0.8183883733624454,0.4621775610900629,0.1922113810043668,0.06296397,0.18714041637326542,0.5239021806124604,0.7659566634971314,0.2758617602775935,667.jpg,667,landscape
15,2.772588722239781,0.6030598958333333,0.08075499131944447,0.17120346238702094,1.172549626727281,0.98345703125,0.5384546300463848,0.21417643229166666,0.070257306,0.13817923211753802,0.4539898948300433,0.8040483854595124,0.5495797382343971,668.jpg,668,landscape
45,3.828641396489095,0.623564453125,0.0252564380787037,0.09871487771697936,1.5489077256906356,0.93021484375,0.48779833378376714,0.26611979166666666,0.07970527,0.18258977503652393,0.5878412671616714,0.846452325054604,0.550356907361494,67.jpg,67,landscape
21,3.091042453358316,0.33971801537070523,0.0371399509170757,0.08311759334691178,1.4844684810190432,0.7661533679927667,0.5839170232660118,0.12611889692585895,0.03966835,0.30280613940280526,0.4960043788786846,0.8579541630315701,0.4381418160619088,673.jpg,673,landscape
17,2.8903717578961645,0.3098636968085106,0.037587609511889865,0.09261261512130639,0.9934821454563889,0.6310871010638298,0.4148805260732631,0.026482712765957445,0.024497626,0.28812739263160103,0.4545739408541733,0.8308021337738853,0.3261566660038196,674.jpg,674,landscape
34,3.5553480614894135,0.39541015625,0.02836971507352941,0.07248759259825359,1.9932654533357943,0.7911490885416667,0.4915044872767378,0.14752278645833333,0.06770157,0.33970875511757936,0.45556626688464613,0.8561742430090864,0.22236271137421512,680.jpg,680,landscape
17,2.8903717578961645,0.545849609375,0.07016601562500001,0.13548622687682282,1.7921081356406328,0.9786328125,0.5293864622936293,0.026005859375,0.021095978,0.21399265208351423,0.515790812516635,0.8119470551706076,0.44798856601979087,687.jpg,687,landscape
10,2.3978952727983707,0.46248697916666665,0.09642122395833333,0.1816954152414488,0.9171350067880616,0.9404459635416667,0.47875707316305915,0.026087239583333335,0.023073941,0.16731056760063867,0.5085956444174876,0.7973556044041317,0.32090718730139933,69.jpg,69,landscape
35,3.58351893845611,0.343056640625,0.026822544642857143,0.06832132755383774,1.8522442596779614,0.8216959635416666,0.5147981119068088,0.28063802083333333,0.112838686,0.2454632842004898,0.6601032894520459,0.8409695628748869,0.1547407379096905,694.jpg,694,landscape
17,2.8903717578961645,0.815458984375,0.05365502450980392,0.19085792353426628,0.5533088763622221,0.896318359375,0.3904312642718475,0.31629557291666666,0.11003853,0.1663560072290584,0.49765060688425583,0.7163525791333615,0.2790545116797704,696.jpg,696,landscape
11,2.4849066497880004,0.36749086638830897,0.09908960428923894,0.11318759853871753,1.819237252567482,0.8670863778705636,0.4819730148461725,0.052280140918580374,0.030760119,0.11385937487282369,0.4977624370129075,0.7292709617127968,0.2834914836929518,698.jpg,698,landscape
24,3.2188758248682006,0.5610918209876543,0.05081440489969136,0.11727544974186346,1.9188510359516828,0.9773823302469136,0.5207878941326525,0.09284336419753086,0.034589406,0.246656873932373,0.4908117208517873,0.8686624452087237,0.4603945737394602,70.jpg,70,landscape
12,2.5649493574615367,0.4566176470588235,0.08818067988064791,0.1305393801190298,1.5774909629347356,0.8970108695652174,0.45783658993178944,0.19804587595907927,0.060954634,0.09847269426320633,0.39892635966625517,0.7457506187924683,0.3544749707023353,700.jpg,700,landscape
21,3.091042453358316,0.4180523917995444,0.048204116498535635,0.11872342423805646,1.3253176150051764,0.9689920273348519,0.5046357363761118,0.11291998861047836,0.042130653,0.35473140090558847,0.5344368599772993,0.7970215654393009,0.38088547506495246,703.jpg,703,landscape
10,2.3978952727983707,0.5874677835051546,0.13670811855670104,0.186739749596612,1.5761176823313685,0.966604381443299,0.48105384115310357,0.21622100515463918,0.114173405,0.30030478698789087,0.42162299771058487,0.641057692349376,0.44644951024765317,705.jpg,705,landscape
14,2.70805020110221,0.41643386174636177,0.06864883427383428,0.13491432352420257,1.28654991193523,0.9355801715176715,0.41072052891920385,0.21577117983367983,0.09212888,0.23818048248935056,0.5363990555627035,0.8134724827647897,0.29135054042769587,706.jpg,706,landscape
13,2.6390573296152584,0.45986328125,0.077744140625,0.13046896215314507,1.5278486649906209,0.9630859375,0.5237322391812352,0.2681119791666667,0.10554043,0.29376506703148153,0.4520384119077099,0.8249203044182256,0.24758253959486307,707.jpg,707,landscape
28,3.367295829986474,0.46194661458333336,0.031045038132440476,0.0990253733451045,1.2498191331536526,0.82271484375,0.59692144108173,0.19977864583333332,0.07957297,0.2640426927285442,0.5124503685453919,0.8185296853714945,0.40871730851503324,708.jpg,708,landscape
22,3.1354942159291497,0.6616340361445783,0.049869078587075566,0.1477150144040511,1.191911165408226,0.9755412274096386,0.4580418514864868,0.2512095256024096,0.11326835,0.3144243720166517,0.5407239836597741,0.8601644323150182,0.3955536803585596,717.jpg,717,landscape
29,3.4011973816621555,0.45177607913669066,0.030356533738526426,0.08683887750610265,1.5452389827259743,0.8388226918465228,0.43135617687399896,0.2565085431654676,0.0782231,0.2349426411994571,0.5453510766301084,0.8203857832015927,0.23888093009602065,718.jpg,718,landscape
18,2.9444389791664403,0.426201171875,0.053578016493055554,0.10833613952441987,1.5378453646707995,0.9426302083333333,0.4988776950740703,0.14611979166666667,0.053166427,0.25126283016753054,0.4920574706039059,0.7920177640253778,0.5778605933659655,723.jpg,723,landscape
29,3.4011973816621555,0.2534294307511737,0.02251598672494739,0.0498173719666571,1.7179688619537339,0.6028242370892019,0.5472128455057257,0.24307511737089202,0.093133226,0.1735866387812407,0.5933227255569133,0.7967248343681564,0.2857238126551489,74.jpg,74,landscape
31,3.4657359027997265,0.3000265473300971,0.019645391285624803,0.05398007781844288,1.5247938360665276,0.5678777305825242,0.48275092337505177,0.21947057038834952,0.08221237,0.2882414166864416,0.5868289942580968,0.8071466631226751,0.24121214036601427,747.jpg,747,landscape
19,2.995732273553991,0.4163950892857143,0.06221295426065165,0.10488671909057486,2.0428412367070488,0.961015625,0.4165113546843271,0.17897321428571428,0.060829338,0.12153592295689074,0.5644075476263726,0.8319531449886219,0.3016886081504835,749.jpg,749,landscape
23,3.1780538303479458,0.28656901041666666,0.03961461163949275,0.08024818431732078,1.7210180963074087,0.8878059895833333,0.6510549223459552,0.207412109375,0.054911185,0.30435967190078844,0.5520239800724557,0.7584993730220294,0.2938263079179957,75.jpg,75,landscape
11,2.4849066497880004,0.40261363636363634,0.11864632526564342,0.14266397164679828,1.7471350398968777,0.9746428571428571,0.5029019463895384,0.07410308441558441,0.033293363,0.30519500985447434,0.4052105312952707,0.7964953919549047,0.48858499370538583,751.jpg,751,landscape
20,3.044522437723423,0.4196679265658747,0.05676549001079915,0.1026981741206819,1.9703199395463442,0.9581027267818575,0.6505626528319894,0.11046503779697624,0.042671233,0.314760835910512,0.48038777434458096,0.6736135131525204,0.38950320930567645,753.jpg,753,landscape
25,3.258096538021482,0.8038926799007444,0.051700217121588087,0.16031907831136988,1.3739021969445486,0.9893339019851116,0.4848990631699218,0.11942075062034739,0.044665866,0.21885471577017682,0.5138394672705163,0.8184998435512428,0.49311006678630726,756.jpg,756,landscape
23,3.1780538303479458,0.40892937725631767,0.041608460210328053,0.10924373879870296,1.4122776468340994,0.8773804151624549,0.5744210994514072,0.02437951263537906,0.0127900075,0.11363132176916999,0.43872609015477276,0.838353748496914,0.30320897778211636,760.jpg,760,landscape
48,3.8918202981106265,0.5051204427083333,0.020838419596354168,0.07212899279433091,2.2892589042013656,0.8138313802083333,0.4315721384737278,0.12698893229166666,0.048872337,0.34029416790710626,0.5733885686845984,0.8182462322126917,0.20166941705330851,769.jpg,769,landscape
7,2.0794415416798357,0.5136004704301075,0.21695528513824885,0.2020408382307876,1.5020079814613108,0.9851646505376344,0.6450327893182487,0.0518565188172043,0.024321895,0.19694791998360842,0.47650667641888755,0.6679100660030037,0.5090760451229829,770.jpg,770,landscape
43,3.784189633918261,0.4037014563106796,0.019010357868593362,0.06338254602763989,1.8270078454234433,0.7294864987864078,0.4230570268490059,0.0328807645631068,0.023724783,0.25938763742038085,0.5285170851433451,0.797776913143144,0.1915602003579898,771.jpg,771,landscape
22,3.1354942159291497,0.46382962962962965,0.04388316498316498,0.10676725045493135,1.52027264270119,0.9309851851851851,0.5918645026178855,0.16434444444444443,0.05210975,0.2119828835826912,0.5646858642310021,0.8253714109190571,0.45561622569386645,775.jpg,775,landscape
18,2.9444389791664403,0.8300651041666667,0.06383933738425926,0.18968514393120517,1.0160742601925816,0.9935188802083333,0.48568465276939576,0.263818359375,0.111787125,0.23687849959494922,0.5433689511762732,0.7930355234992119,0.4598755257214866,776.jpg,776,landscape
52,3.970291913552122,0.276064453125,0.030142227564102564,0.055659544798212265,3.794794609662049,0.9261848958333333,0.5112587630859435,0.252392578125,0.105900854,0.2664121477894106,0.5430775438422468,0.9031964637910996,0.40554133207925375,777.jpg,777,landscape
13,2.6390573296152584,0.9319498697916667,0.15472731370192308,0.27794037062176363,1.2119907982915232,0.9892122395833334,0.48144554181960697,0.014153645833333334,0.009773452,0.05299040992792551,0.5337952357109167,0.7862641192842038,0.6482589883270198,794.jpg,794,landscape
27,3.332204510175204,0.561083984375,0.04436503708964646,0.1219278925042075,1.4817502195520873,0.9745339133522727,0.45738897546547486,0.07775656960227273,0.032794114,0.16787813939956198,0.46030080002132556,0.8346668651434901,0.5059604787925696,796.jpg,796,landscape
22,3.1354942159291497,0.19086565290178573,0.029082697088068196,0.048933903889894055,1.6673082733506863,0.5898751395089286,0.3479582809229803,0.2838169642857143,0.17884754,0.3402028713175895,0.5109295460474773,0.782333051716386,0.3019020443686328,799.jpg,799,landscape
13,2.6390573296152584,0.5452581091772152,0.09358454539922104,0.16140240357484342,1.5782311666164082,0.9791880933544304,0.46248252135695767,0.1066554588607595,0.039954856,0.2929579699690729,0.36235514003777153,0.6776695870410263,0.48626325120811004,8.jpg,8,landscape
13,2.6390573296152584,0.9798990885416666,0.15117037259615387,0.298596820213649,0.8638907432126102,0.98775390625,0.5671055780195216,0.24025716145833334,0.0862218,0.19192631708368071,0.5628400020299005,0.835320477325574,0.7324194409854238,804.jpg,804,landscape
27,3.332204510175204,0.4278255208333333,0.04243115837191357,0.10212520758246604,1.8772317718464098,0.9830403645833333,0.540504994185278,0.17640299479166666,0.05343462,0.35723436994468455,0.5834959300751534,0.8714646463829057,0.38790001484934505,806.jpg,806,landscape
14,2.70805020110221,0.46070589048672567,0.1291665020543616,0.14896541300816876,2.4849252591486564,0.9546875,0.5570524587157905,0.02451603982300885,0.01823252,0.0972620075043437,0.44645624884408297,0.6540744290274448,0.44844172228688434,809.jpg,809,landscape
19,2.995732273553991,0.1484009074941452,0.03192657617404166,0.045462633675668745,1.607756526850252,0.5734923887587822,0.4762322540852133,0.27796765222482434,0.09499952,0.158329861182538,0.46451395591713596,0.8151726115773262,0.03742125581766869,81.jpg,81,landscape
35,3.58351893845611,0.32059461805555556,0.019396494708994707,0.05662053320226228,1.5818540551842375,0.6329065393518518,0.5147599836003975,0.05835865162037037,0.030154517,0.20437028086677456,0.43455797181332717,0.7918332565528244,0.25213581668099344,810.jpg,810,landscape
60,4.110873864173311,0.13524726941747572,0.014041894215210354,0.02647978767487087,2.7348992476475797,0.5823156856796117,0.49896054804035117,0.1557986953883495,0.06256306,0.2152156258221365,0.5890713645131975,0.8554386626734057,0.2234346201878267,811.jpg,811,landscape
21,3.091042453358316,0.10540690104166667,0.016771143353174603,0.026930006567780596,1.1308515010986935,0.23668619791666667,0.38562932960213225,0.301640625,0.18631025,0.23843022854081283,0.4165445276225371,0.8745212541691935,0.1738225663534753,820.jpg,820,landscape
33,3.5263605246161616,0.4131998697916667,0.016666074810606057,0.07046317305721056,0.9822895339025369,0.48288411458333336,0.47322840052951753,0.14356119791666666,0.06318769,0.21787704381404335,0.5714532903587747,0.8590505292745261,0.16353776867296752,826.jpg,826,landscape
28,3.367295829986474,0.3898470052083333,0.035078125,0.0808931351926274,1.8858666707317748,0.8485579427083333,0.39177684648615974,0.121845703125,0.049962506,0.2733165331947127,0.531911385702042,0.8530757220189412,0.3243569025456548,828.jpg,828,landscape
42,3.7612001156935624,0.38548828125,0.023622504340277777,0.07580419875001412,1.8253739413317824,0.84984375,0.5279563139817938,0.205478515625,0.083932996,0.2268540256312241,0.6548043420808592,0.8458348623833802,0.42721350337295555,833.jpg,833,landscape
22,3.1354942159291497,0.665625,0.07570593631628787,0.1584596296701699,1.9734089704495,0.980869140625,0.42747317995766676,0.18974283854166665,0.10864377,0.30338436261791907,0.44653912404485024,0.7598706551858845,0.6372652100381991,837.jpg,837,landscape
12,2.5649493574615367,0.43749617034313726,0.12421970741421569,0.12007995332031657,2.4007181998800733,0.9736519607843137,0.5644974275483434,0.15448835784313725,0.07476194,0.19728125383004366,0.34713751823443545,0.6325046980505941,0.4622137165830633,839.jpg,839,landscape
22,3.1354942159291497,0.5616487590799032,0.07278780541492404,0.13548627064492047,2.4532827583180006,0.9761652542372882,0.5368453075081199,0.037723214285714284,0.025024675,0.15203031219762364,0.489564826398235,0.7647917872014325,0.5474145412204531,840.jpg,840,landscape
28,3.367295829986474,0.2615449355971897,0.03224714578454333,0.05644595318456701,2.237741837651471,0.7707442915690866,0.39025824580352997,0.21000073185011708,0.082244016,0.20964568464366984,0.4586260680433365,0.8057673633386985,0.26514172475739883,843.jpg,843,landscape
40,3.713572066704308,0.36892252604166664,0.02420369466145833,0.07584830143624055,1.9400193018761258,0.9000227864583333,0.4277184350067593,0.10107096354166667,0.039092183,0.26856462245386853,0.561265787192975,0.776177418036537,0.3077180440044719,849.jpg,849,landscape
50,3.9318256327243257,0.2378125,0.020442968750000002,0.04381880929244292,2.839544328645359,0.830361328125,0.40651260971545855,0.260146484375,0.1483576,0.2636139116806787,0.5632845471612896,0.8632857146341902,0.3766432192244554,854.jpg,854,landscape
40,3.713572066704308,0.24017407718120806,0.028019260346756152,0.06185443368447399,2.428690575143844,0.9263003355704698,0.44527600095740694,0.15405131431767338,0.06509252,0.18282667607791128,0.5600575509189145,0.7706654600103067,0.4061588291620863,87.jpg,87,landscape
11,2.4849066497880004,0.7714192708333333,0.09377663352272726,0.22038763053022448,0.7814258275120085,0.9536165364583333,0.5323869421599152,0.04912109375,0.025425488,0.1215715398441598,0.6142347279518444,0.8178305271888073,0.4787407744866143,870.jpg,870,landscape
76,4.343805421853684,0.08337239583333333,0.008751584772478069,0.015111513472948035,2.5818185099186834,0.4822493489583333,0.4657222935207491,0.27501953125,0.101429574,0.2461477098280608,0.5889476145235276,0.8606295706406314,0.20857112534253855,871.jpg,871,landscape
16,2.833213344056216,0.5076320538057743,0.10364839648950132,0.17119917803502294,1.8719072367506535,0.9862901902887139,0.5120988683781234,0.02446686351706037,0.019716417,0.2608156785896463,0.4187112907197161,0.7428134032596517,0.4989137073984547,879.jpg,879,landscape
20,3.044522437723423,0.40805867067833695,0.05906711570021883,0.11244041299559031,1.9094619166701348,0.9807508205689278,0.4041707132724969,0.17626504376367616,0.07595533,0.22081618350697704,0.4781111074402495,0.7839796654161784,0.25904857134267445,880.jpg,880,landscape
23,3.1780538303479458,0.4029720052083333,0.051284108922101446,0.09051472544262075,2.26679268500874,0.9689225260416666,0.4437197319752625,0.14210611979166668,0.078395344,0.3161791263086176,0.5460880553032172,0.8104621214169844,0.4225802140965813,881.jpg,881,landscape
22,3.1354942159291497,0.37418294270833335,0.046705285274621214,0.1114890832059926,1.4243716968121223,0.9638606770833333,0.5885158592477181,0.251044921875,0.10070504,0.29229400688968776,0.6240404947477649,0.8785586201763613,0.5650720182826939,888.jpg,888,landscape
10,2.3978952727983707,0.7400795326576577,0.1612496480855856,0.2313597332441138,1.3758215104677085,0.9896994650900901,0.4462262339980202,0.22511261261261262,0.07952451,0.16302514709804722,0.5169918245724101,0.7469882150179703,0.6269535068247044,889.jpg,889,landscape
25,3.258096538021482,0.18484599282296652,0.030689294258373207,0.049876939728066394,1.9325130802397705,0.6066611842105263,0.6022342425293337,0.20203723086124403,0.06418884,0.2090123376625912,0.5260509491552382,0.8464979936885056,0.2692958326745754,891.jpg,891,landscape
17,2.8903717578961645,0.584462890625,0.0595230162377451,0.14501115192552,1.1734825326478742,0.9829329427083333,0.5241470063374494,0.20114908854166666,0.05953148,0.3005790107758503,0.5030346092442258,0.7253372597324022,0.5023736036409394,892.jpg,892,landscape
33,3.5263605246161616,0.5021614583333334,0.02200175583964646,0.08641545491809417,1.1856058612853444,0.6798893229166667,0.3899933004454089,0.3030924479166667,0.11002671,0.24858087937743228,0.5133443685385237,0.8114126181618101,0.261722595993828,895.jpg,895,landscape
25,3.258096538021482,0.3420031055900621,0.05139343944099378,0.08417430247934173,2.5976499102435797,0.8664499223602484,0.42407123582629813,0.12325795807453416,0.042842355,0.20616608763853717,0.4771156753332964,0.7814284090309394,0.4367462897085601,899.jpg,899,landscape
13,2.6390573296152584,0.7007867388758782,0.11207355656638443,0.1917598488614829,1.6508234054910522,0.9877927400468384,0.49825804812346053,0.22039300351288058,0.05516388,0.3081684045076588,0.3833170327036534,0.6738612929700613,0.5374389812147615,9.jpg,9,landscape
25,3.258096538021482,0.2275358606557377,0.03476668618266979,0.05967194146615095,2.0375182376317467,0.7094957552693208,0.5570324505911517,0.09138978337236534,0.038418617,0.2278020843880186,0.5138844156321356,0.8447917756759075,0.21050601269838443,90.jpg,90,landscape
22,3.1354942159291497,0.628291015625,0.07654030539772728,0.166157461311226,1.7263625503060513,0.9887434895833334,0.5466183312624762,0.147001953125,0.043159064,0.3362495691060197,0.5844520512768752,0.8486232453778072,0.5462230528662682,904.jpg,904,landscape
15,2.772588722239781,0.5151780686936936,0.11427716779279276,0.15236932828849362,2.3913639534442384,0.9679300394144145,0.5954908999583362,0.1304124436936937,0.050466284,0.3416823436138339,0.4149790470000891,0.8351639700624064,0.4387732481145063,905.jpg,905,landscape
13,2.6390573296152584,0.5717209507042254,0.11921694429396895,0.19369755381906117,1.4210296469072998,0.986087881455399,0.568632771545863,0.10571082746478873,0.03607069,0.3303596361097275,0.4711950134930468,0.7538962855234027,0.5163245173013014,907.jpg,907,landscape
19,2.995732273553991,0.6447372327790973,0.05617108388548569,0.1577472420630132,1.0058396919403136,0.9859968824228028,0.5648030510639971,0.205229364608076,0.09210435,0.19450894040859307,0.34561043135994546,0.7303784642858137,0.419669554013794,908.jpg,908,landscape
20,3.044522437723423,0.44138833142201833,0.0509971688646789,0.12179673382577946,1.3854013770243945,0.979286123853211,0.4551885755540952,0.2092710722477064,0.10129026,0.21092377325491352,0.531184983065255,0.8163072244870279,0.45387599474318563,909.jpg,909,landscape
17,2.8903717578961645,0.3444546568627451,0.05952120278258361,0.10414895405980291,1.6812271270183974,0.9671300551470589,0.501924782446016,0.1422564338235294,0.06194968,0.14508105073795444,0.41914419051080093,0.726736589119034,0.492017013266534,912.jpg,912,landscape
11,2.4849066497880004,0.40129231770833335,0.09979699337121213,0.1462573464242855,1.4533627875296298,0.9789876302083333,0.5700119556968015,0.139501953125,0.046028133,0.1960476599941617,0.5061152513314702,0.7942613551039119,0.5745488804129238,917.jpg,917,landscape
26,3.295836866004329,0.22992535128805622,0.01472017992253648,0.04364000769592176,1.0360974749067047,0.3724677985948478,0.4723982543895129,0.22700892857142857,0.0752002,0.14008886920925012,0.49257901724638425,0.7604535793185588,0.2535405393116416,92.jpg,92,landscape
17,2.8903717578961645,0.5227994791666667,0.07441636029411765,0.1381929730226071,1.8098523022885655,0.9911393229166666,0.47407072884200163,0.060751953125,0.032324616,0.21967325349040218,0.48567986239972855,0.7332784896002116,0.47548805917326825,922.jpg,922,landscape
15,2.772588722239781,0.6103255208333334,0.13101302083333335,0.18213952395572278,2.201240736833536,0.9847721354166666,0.4246788837461162,0.163818359375,0.066380695,0.23095007799590142,0.5022012118935899,0.6915776422422584,0.48003590602169427,924.jpg,924,landscape
11,2.4849066497880004,0.48852864583333333,0.0867856297348485,0.17157017098313812,0.9398066524991883,0.9495963541666667,0.6489270270985943,0.11888997395833334,0.03977956,0.14012717050262366,0.5057506424739556,0.7363241935557948,0.3887800792986142,925.jpg,925,landscape
26,3.295836866004329,0.4778776041666667,0.042054412059294874,0.1159136886845849,1.460941348218777,0.9723014322916667,0.5335477359344856,0.05336588541666667,0.02273392,0.25528918913210175,0.5696434939682613,0.8459268819594161,0.476209186552716,930.jpg,930,landscape
29,3.4011973816621555,0.559636075949367,0.03352957223919685,0.11807677982965888,1.049879204829214,0.9139596518987342,0.511595116312233,0.214501582278481,0.07210693,0.2884360384520654,0.5200589858130708,0.8304003659563733,0.3604634877748494,934.jpg,934,landscape
23,3.1780538303479458,0.5970453886310905,0.05709295874104711,0.14725418751059408,1.3943859422587155,0.9863761600928074,0.439683447491217,0.17331424013921112,0.080773376,0.20375803177396284,0.5515163228890959,0.7722839948240977,0.5835840531811326,936.jpg,936,landscape
54,4.007333185232471,0.09796549479166666,0.009090470679012346,0.014695929495154834,1.9524767937491982,0.40722981770833333,0.45704287135044885,0.318076171875,0.14447235,0.23144759517273458,0.5566657580242212,0.8359070578313608,0.01927296447672956,940.jpg,940,landscape
26,3.295836866004329,0.7414778645833333,0.040466997195512826,0.1461516045348277,0.9647663966510117,0.9579459635416666,0.46978599262690846,0.27740234375,0.13197802,0.2649447877610974,0.6725547960792005,0.8515791840810875,0.5071738626111045,944.jpg,944,landscape
22,3.1354942159291497,0.5250731850117096,0.05848879604002557,0.13141886017411472,1.8222071293729392,0.9796801814988291,0.5127488131749594,0.07167008196721311,0.033392705,0.3360297471741759,0.47334676832798567,0.8540380649134712,0.4390395631656057,945.jpg,945,landscape
13,2.6390573296152584,0.3136295572916667,0.06316481370192308,0.09769980749486873,1.4435100810013126,0.8132942708333334,0.4196200718373917,0.16149088541666667,0.047955565,0.25878561396043687,0.5042628515581458,0.7707006316755294,0.27906225492974984,95.jpg,95,landscape
33,3.5263605246161616,0.24460606904231627,0.021274865863535133,0.05607311248445034,1.6086656786862343,0.6623260022271715,0.48216783504284577,0.21923371380846327,0.085138135,0.2951163719961948,0.49847783530054907,0.8088789893188578,0.2460640923250852,957.jpg,957,landscape
22,3.1354942159291497,0.305029296875,0.0398822206439394,0.08457588275528932,1.639949389049754,0.8589127604166666,0.5062188946581045,0.015908203125,0.01750588,0.29901916606914425,0.5519640777976597,0.8654856401642259,0.20878391393329906,96.jpg,96,landscape
52,3.970291913552122,0.3452227870813397,0.019011303252668386,0.058596806633360574,2.0417652351756805,0.7277063397129186,0.4404954607896201,0.1672473086124402,0.058068406,0.1897509591216953,0.6016302812801289,0.8839798310353423,0.26255986579108564,962.jpg,962,landscape
29,3.4011973816621555,0.5672330729166667,0.039265782147988496,0.10798647138353618,1.8521577688793718,0.9815071614583334,0.4724579227061314,0.20549479166666668,0.09667244,0.28963973776147256,0.6225032634611654,0.8408588636677646,0.29227756805377036,963.jpg,963,landscape
18,2.9444389791664403,0.6010951769406393,0.06712388222983258,0.14559569701249298,1.5836132652337023,0.925164098173516,0.4642710223829678,0.12372645547945206,0.05187699,0.15352434532983106,0.47297509827202283,0.7802524668801166,0.5096700461052076,967.jpg,967,landscape
25,3.258096538021482,0.75837890625,0.08433242187499998,0.19000837281929112,2.022485393910478,0.9909830729166667,0.5419868397882621,0.07774088541666667,0.03370809,0.2801193869236621,0.5369199232988449,0.8479117591221306,0.6107298904703183,97.jpg,97,landscape
49,3.912023005428146,0.26324869791666666,0.0160730893920068,0.05082577479788562,1.7688639194948559,0.6989713541666667,0.46830756265439755,0.13047200520833332,0.0517574,0.21648497797463612,0.6371065673500323,0.8590443126929806,0.25613893774446733,978.jpg,978,landscape
28,3.367295829986474,0.7717708333333333,0.03779017857142857,0.1435151369481627,1.0948119553320115,0.9781184895833334,0.44633809987773854,0.11942708333333334,0.040467076,0.15613433747295616,0.5898020872389474,0.8425727625906586,0.5376484140319037,98.jpg,98,landscape
21,3.091042453358316,0.5669071389496718,0.08154908434927582,0.14978764053208726,2.1548148251455883,0.9892984135667396,0.6256322026393226,0.10261898249452954,0.039846458,0.11702549633430367,0.48278706187498377,0.7408282505830401,0.5874678374235931,988.jpg,988,landscape
18,2.9444389791664403,0.6024058119158878,0.06727491400571133,0.15612705115235312,1.344901423218698,0.9859009929906543,0.48689469466312163,0.12110835280373831,0.038633138,0.29228331630165116,0.4898832154259207,0.8504279771656605,0.6113905610474425,989.jpg,989,landscape
21,3.091042453358316,0.2406021897810219,0.03463007617889005,0.05518692468314109,1.8352322136572352,0.6465784671532847,0.4740583197128805,0.04140815085158151,0.026375467,0.24513512457979664,0.4321857218345361,0.7736534949804157,0.3756636866408101,990.jpg,990,landscape
14,2.70805020110221,0.3613053385416667,0.08331845238095238,0.1349696026337129,1.471561838939701,0.9718033854166667,0.4892214599471336,0.14022135416666667,0.052752055,0.1743679277917207,0.5282979388539623,0.7783819450014989,0.6216341688761692,999.jpg,999,landscape
